codigo_ibge,nome,mesorregiao,microrregiao,score,tier,ranking,score_demografico,score_logistica,score_economico,score_saude,score_competitividade,farmacias,consultorios_odonto,laboratorios,clinicas,hospitais,farmacias_por_10k,populacao_total,populacao_alvo,renda_per_capita,pib_per_capita,idh,cobertura_planos_pct,distance_campinas_km,latitude,longitude
3550308,São Paulo,Metropolitana de São Paulo,São Paulo,70.9,A,1,97.58,78.99,66.25,100.0,3.62,6800,9500,2200,4800,280,5.49,12396372,5454403.68,3800,85000.0,0.8,58.08,84.95,-23.55,-46.62
3509403,Campinas,Campinas,Campinas,37.6,A,2,29.45,47.72,55.05,2.6,50.49,174,185,102,52,25,1.42,1223237,538224.28,3200,10508.5,0.86,73.1,1.05,-22.92,-47.06
3526902,Jundiaí,Macro Metropolitana Paulista,Jundiaí,35.1,A,3,24.45,41.44,51.43,0.85,56.34,55,62,33,22,13,1.27,431813,189997.72,3400,7164.2,0.8,60.6,36.95,-23.2,-46.89
3524303,Itatiba,Macro Metropolitana Paulista,Bragança Paulista,34.6,A,4,21.06,42.81,46.5,0.23,62.11,14,25,9,3,3,1.17,120000,52800.0,2900,5569.9,0.85,45.14,25.4,-23.0,-46.83
3554904,Sumaré,Campinas,Campinas,34.5,A,5,22.67,43.46,48.29,0.55,56.59,36,43,19,17,3,1.26,285000,125400.0,2800,10672.7,0.85,59.85,22.72,-22.83,-47.27
3525607,Jaguariúna,Campinas,Campinas,34.5,A,5,18.73,42.62,42.16,0.1,69.77,5,10,5,3,2,0.91,55000,23650.0,2800,6723.4,0.79,43.72,24.25,-22.7,-46.99
3536505,Paulínia,Campinas,Campinas,34.3,A,7,22.3,53.69,85.79,0.89,0.33,95,14,11,8,4,8.88,107000,47080.0,4200,180000.0,0.83,63.55,18.23,-22.77,-47.16
3559507,Valinhos,Campinas,Campinas,34.0,A,8,22.54,45.78,51.37,0.29,47.69,19,21,11,6,6,1.45,131000,57640.0,3800,4589.8,0.79,40.0,8.15,-22.96,-47.01
3552908,São Pedro,Campinas,Piracicaba,33.8,A,9,16.31,30.3,38.4,0.04,88.71,0,7,4,0,2,0.0,34000,14280.0,2000,14417.4,0.8,62.54,98.61,-22.53,-47.93
3508702,Caieiras,Metropolitana de São Paulo,Mogi das Cruzes,33.6,A,10,20.23,37.1,43.52,0.14,68.04,10,15,3,5,2,0.96,103913,44682.59,2600,5897.4,0.83,54.21,61.56,-23.36,-46.72
3559903,Vargem Grande Paulista,Metropolitana de São Paulo,Itapecerica da Serra,33.3,A,11,18.13,34.6,47.16,0.08,68.04,5,6,3,3,0,0.96,52000,22360.0,2300,10698.5,0.92,57.5,77.94,-23.61,-47.03
3501905,Americana,Campinas,Campinas,33.3,A,11,22.92,42.15,48.98,0.47,50.49,33,29,19,5,5,1.42,232240,102185.6,3100,8114.5,0.83,53.34,32.55,-22.73,-47.32
3554102,Serra Negra,Campinas,Amparo,33.1,A,13,16.06,37.95,37.23,0.05,76.85,1,6,4,2,1,0.34,29000,12180.0,2200,6171.3,0.77,61.92,50.54,-22.62,-46.68
3509502,Campinas,Campinas,Campinas,33.1,A,13,29.45,59.03,54.43,12.99,1.32,890,1200,280,650,38,7.28,1223237,538224.28,3200,58000.0,0.8,45.78,0.93,-22.91,-47.05
3521408,Indaiatuba,Campinas,Campinas,32.9,A,15,23.05,42.96,50.02,0.59,45.96,40,42,23,11,5,1.5,266942,117454.48,3100,6171.7,0.83,63.02,28.11,-23.11,-47.22
3515400,Embu das Artes,Metropolitana de São Paulo,Itapecerica da Serra,32.9,A,15,23.24,34.14,50.38,0.5,55.93,35,29,20,8,5,1.29,272279,119802.76,2900,8970.8,0.87,57.91,84.84,-23.64,-46.84
3538808,Paulínia,Campinas,Campinas,32.9,A,15,22.3,44.71,61.58,0.25,31.55,20,24,5,4,2,1.87,107000,47080.0,4200,8128.9,0.82,66.81,18.69,-22.76,-47.15
3559705,Vargem,Macro Metropolitana Paulista,Bragança Paulista,32.9,A,15,11.91,42.76,24.66,0.01,88.71,0,0,1,0,0,0.0,9500,3895.0,1650,4628.3,0.73,32.13,15.8,-22.88,-46.91
3526100,Jarinu,Macro Metropolitana Paulista,Bragança Paulista,32.8,A,19,16.06,39.54,33.74,0.02,76.85,1,6,0,1,0,0.34,29000,12180.0,2200,5420.5,0.8,29.27,39.98,-23.1,-46.73
3527900,Limeira,Campinas,Limeira,32.6,A,20,23.47,39.08,46.07,0.67,52.8,42,50,27,19,7,1.35,311000,136840.0,2900,5846.5,0.8,62.83,52.74,-22.56,-47.41
3525300,Jacareí,Vale do Paraíba Paulista,São José dos Campos,32.4,A,21,22.31,28.34,48.03,0.36,64.42,25,37,10,7,8,1.11,226000,99440.0,2800,7296.1,0.82,69.66,121.57,-23.3,-45.95
3526407,Joanópolis,Macro Metropolitana Paulista,Bragança Paulista,32.4,A,21,13.14,33.1,31.55,0.0,88.71,0,2,0,0,0,0.0,13000,5330.0,1700,5449.6,0.83,36.55,80.05,-22.9,-46.28
3560109,Vinhedo,Campinas,Campinas,32.4,A,21,22.1,44.79,54.36,0.2,37.07,14,18,6,6,1,1.69,83000,36520.0,4500,6059.1,0.76,25.98,16.47,-23.03,-46.97
3553500,São Vicente,Metropolitana de São Paulo,Santos,32.3,A,24,24.13,26.04,46.82,0.71,65.65,39,62,32,20,3,1.09,357000,157080.0,3000,7114.8,0.83,47.64,137.22,-23.98,-46.39
3519709,Hortolândia,Campinas,Campinas,32.2,A,25,22.36,44.28,41.05,0.52,51.15,33,31,23,15,6,1.4,234916,103363.04,2800,5466.8,0.81,30.77,18.28,-22.86,-47.23
3557006,Tatuí,Itapetininga,Tatuí,32.1,A,26,20.7,32.54,46.79,0.27,61.12,14,14,17,7,0,1.19,118000,51920.0,2600,9343.9,0.84,67.21,93.85,-23.33,-47.85
3507209,Bragança Paulista,Macro Metropolitana Paulista,Bragança Paulista,32.0,A,27,21.53,39.0,51.99,0.35,45.47,26,25,10,11,1,1.51,172178,75758.32,2800,10753.2,0.85,80.99,53.97,-22.96,-46.54
3510807,Carapicuíba,Metropolitana de São Paulo,Osasco,31.9,A,28,24.2,36.2,53.17,0.93,42.92,64,72,34,15,7,1.57,407062,179107.28,2900,13850.2,0.85,80.75,74.54,-23.54,-46.83
3523503,Itapevi,Metropolitana de São Paulo,Osasco,31.8,A,29,22.59,35.63,46.68,0.51,53.21,33,42,20,8,5,1.34,247000,108680.0,2600,7535.4,0.91,40.1,75.28,-23.57,-46.93
3516705,Francisco Morato,Macro Metropolitana Paulista,Bragança Paulista,31.8,A,29,20.34,38.35,33.25,0.3,68.04,16,23,17,5,7,0.96,167000,71810.0,2200,4818.0,0.81,20.86,53.5,-23.29,-46.75
3532207,Moji Mirim,Campinas,Amparo,31.7,A,31,19.61,38.27,36.79,0.16,64.42,10,10,8,4,2,1.11,90000,38700.0,2400,3714.9,0.84,22.01,54.98,-22.42,-46.96
3556701,Vinhedo,Campinas,Campinas,31.7,A,31,22.1,53.51,73.35,0.63,0.49,72,12,2,3,2,8.67,83000,36520.0,4500,72000.0,0.82,65.06,16.86,-23.03,-46.97
3548500,Santos,Metropolitana de São Paulo,Santos,31.7,A,31,24.59,26.36,54.91,0.93,52.14,60,83,34,20,11,1.38,433311,190656.84,3100,10001.1,0.88,70.41,138.27,-23.96,-46.34
3549201,Santa Maria da Serra,Campinas,Piracicaba,31.7,A,31,11.38,27.13,36.7,0.01,88.71,0,3,0,1,0,0.0,9000,3690.0,1600,14042.0,0.83,68.67,119.66,-22.56,-48.16
3551009,Santos,Metropolitana de São Paulo,Santos,31.6,A,35,24.59,25.91,49.8,0.88,57.91,54,74,37,16,3,1.25,433311,190656.84,3100,7399.9,0.84,55.08,139.98,-23.96,-46.31
3529401,Mauá,Metropolitana de São Paulo,Santo André,31.6,A,35,24.6,31.3,42.19,1.07,59.31,58,75,57,28,9,1.23,472000,207680.0,2800,8767.7,0.79,44.74,104.15,-23.67,-46.47
3532603,Monte Alegre do Sul,Campinas,Amparo,31.6,A,35,10.42,38.15,25.14,0.0,88.71,0,2,0,0,0,0.0,8000,3280.0,1500,5653.5,0.73,46.5,46.45,-22.68,-46.68
3513603,Cubatão,Metropolitana de São Paulo,Santos,31.4,A,38,21.27,27.43,44.22,0.26,65.65,14,14,16,6,1,1.09,128738,56644.72,2800,3521.4,0.81,53.42,127.0,-23.89,-46.43
3508207,Caçapava,Vale do Paraíba Paulista,São José dos Campos,31.3,A,39,20.03,25.27,45.19,0.17,68.62,9,10,9,8,1,0.94,96094,41320.42,2600,7836.7,0.82,65.9,139.96,-23.11,-45.71
3502200,Amparo,Campinas,Amparo,31.3,A,39,19.68,41.49,48.03,0.14,45.22,11,11,4,1,2,1.53,71855,30897.65,2500,8744.0,0.82,90.87,36.96,-22.73,-46.76
3540002,Pereiras,Itapetininga,Tatuí,31.1,A,41,11.38,30.47,30.31,0.02,88.71,0,2,2,1,0,0.0,9000,3690.0,1600,5260.5,0.8,44.91,97.46,-23.08,-47.99
3500303,Aguaí,Campinas,Limeira,31.0,A,42,17.19,31.46,32.05,0.07,77.27,1,4,7,1,1,0.28,36022,15489.46,2100,4050.9,0.78,31.54,93.2,-22.07,-46.99
3548609,Santa Cruz das Palmeiras,Campinas,São João da Boa Vista,31.0,A,42,16.15,27.67,40.22,0.03,74.05,2,4,1,0,1,0.62,32000,13440.0,2000,7561.5,0.78,86.67,121.16,-21.83,-47.24
3549508,Santana de Parnaíba,Metropolitana de São Paulo,Osasco,31.0,A,42,21.27,37.57,43.28,0.24,52.14,18,17,7,7,0,1.38,130000,57200.0,2900,5078.5,0.85,25.49,62.12,-23.45,-46.92
3550100,Santo André,Metropolitana de São Paulo,Santo André,30.9,A,45,26.25,32.48,48.34,1.61,44.23,109,101,63,43,11,1.54,707614,311350.16,3200,6467.4,0.85,36.02,100.74,-23.67,-46.53
3547908,Saltinho,Campinas,Piracicaba,30.9,A,45,10.42,36.04,24.2,0.01,88.71,0,1,1,2,1,0.0,8000,3280.0,1500,5501.4,0.77,25.24,60.49,-22.83,-47.65
3500907,Alambari,Itapetininga,Tatuí,30.9,A,45,10.36,28.75,32.06,0.0,88.71,0,0,0,0,0,0.0,4768,1907.2,1350,12999.8,0.75,84.14,108.93,-23.54,-47.88
3501400,Alumínio,Macro Metropolitana Paulista,Sorocaba,30.9,A,45,16.21,35.14,30.98,0.02,74.79,1,1,1,2,0,0.57,17491,7346.22,2400,3940.2,0.73,23.37,71.09,-23.52,-47.25
3530706,Mauá,Metropolitana de São Paulo,Santo André,30.8,A,49,24.6,31.63,48.83,1.08,47.03,70,77,44,24,9,1.48,472000,207680.0,2800,7829.6,0.84,67.42,104.44,-23.68,-46.48
3524006,Itaquaquecetuba,Metropolitana de São Paulo,Mogi das Cruzes,30.7,A,50,23.5,32.4,45.31,0.73,51.15,52,59,22,19,9,1.4,372614,163950.16,2500,9099.5,0.83,69.44,97.99,-23.49,-46.35
3551108,São Bento do Sapucaí,Macro Metropolitana Paulista,Bragança Paulista,30.6,A,51,12.3,24.2,33.82,0.01,88.71,0,1,1,1,0,0.0,11000,4510.0,1650,6433.5,0.8,61.74,139.15,-22.69,-45.72
3556206,Valinhos,Campinas,Campinas,30.6,A,51,22.54,54.38,66.03,1.0,0.66,110,14,10,5,3,8.4,131000,57640.0,3800,65000.0,0.83,64.89,10.37,-22.97,-46.99
3524808,Itu,Macro Metropolitana Paulista,Sorocaba,30.5,A,53,21.55,39.92,37.29,0.33,52.55,24,26,9,8,7,1.36,176000,77440.0,2700,6615.3,0.76,30.84,46.52,-23.26,-47.3
3528403,Louveira,Macro Metropolitana Paulista,Jundiaí,30.5,A,53,17.3,43.06,33.66,0.1,57.91,5,7,5,3,0,1.25,40000,17200.0,2500,4680.9,0.73,33.81,24.09,-23.09,-46.94
3539202,Pedra Bela,Macro Metropolitana Paulista,Bragança Paulista,30.3,A,55,9.23,35.62,22.68,0.01,88.71,0,2,1,0,0,0.0,6000,2400.0,1350,3196.0,0.71,49.67,63.3,-22.8,-46.45
3554706,Sorocaba,Macro Metropolitana Paulista,Sorocaba,30.3,A,55,25.4,35.78,45.05,1.54,42.01,113,105,51,29,17,1.6,704942,310174.48,2800,8418.0,0.84,43.62,79.48,-23.51,-47.47
3553104,São Roque,Macro Metropolitana Paulista,Sorocaba,30.3,A,55,19.45,36.08,33.52,0.19,62.93,10,12,10,9,2,1.14,88000,37840.0,2400,4330.4,0.77,25.65,69.76,-23.53,-47.13
3522000,Ipeúna,Campinas,Rio Claro,30.2,A,58,9.76,32.43,25.21,0.01,88.71,0,0,1,0,0,0.0,7000,2800.0,1400,6914.3,0.77,36.7,84.46,-22.43,-47.7
3551207,São Carlos,Araraquara,São Carlos,30.2,A,58,22.83,27.57,52.26,0.58,47.69,37,38,24,16,4,1.45,254484,111972.96,3000,7066.1,0.86,68.33,129.83,-22.01,-47.87
3523305,Itapetininga,Itapetininga,Itapetininga,30.2,A,58,21.09,27.49,44.12,0.29,59.14,21,27,8,6,1,1.24,170000,74800.0,2400,6536.2,0.84,67.27,128.08,-23.6,-48.06
3559804,Vargem Grande do Sul,Campinas,São João da Boa Vista,30.2,A,58,16.9,27.96,35.85,0.09,73.48,3,8,6,3,0,0.68,44000,18480.0,2100,6633.3,0.79,50.33,119.72,-21.84,-46.89
3546603,Rio Grande da Serra,Metropolitana de São Paulo,Santo André,30.1,A,62,17.99,29.27,39.55,0.08,65.9,5,4,3,4,0,1.06,47000,20210.0,2500,6014.3,0.76,60.75,114.19,-23.74,-46.41
3552304,São José dos Campos,Vale do Paraíba Paulista,São José dos Campos,30.1,A,62,25.54,29.23,55.97,1.75,36.24,129,112,57,39,14,1.72,748023,329130.12,3500,10208.1,0.87,55.27,124.61,-23.17,-45.88
3554607,Socorro,Macro Metropolitana Paulista,Bragança Paulista,30.1,A,62,16.71,36.72,42.21,0.06,55.19,5,4,1,1,0,1.32,38000,15960.0,2100,8367.0,0.82,78.02,66.77,-22.59,-46.51
3511805,Cesário Lange,Itapetininga,Tatuí,30.1,A,62,13.7,31.19,34.51,0.02,74.63,1,3,1,0,0,0.59,17000,6970.0,1750,8517.3,0.82,51.93,97.51,-23.24,-47.94
3535408,Nova Odessa,Campinas,Campinas,30.1,A,62,18.84,42.57,32.38,0.13,55.93,8,7,6,3,2,1.29,62000,26660.0,2400,4077.1,0.76,21.19,27.75,-22.78,-47.29
3527702,Leme,Campinas,Piracicaba,30.1,A,62,20.06,33.72,36.6,0.21,60.63,12,14,10,6,2,1.2,100000,43000.0,2500,6482.1,0.76,39.27,86.0,-22.19,-47.39
3509601,Campo Limpo Paulista,Macro Metropolitana Paulista,Bragança Paulista,30.1,A,62,19.4,40.36,38.63,0.15,51.15,11,6,6,4,1,1.4,78682,33833.26,2500,4788.0,0.79,43.97,43.47,-23.22,-46.8
3513900,Diadema,Metropolitana de São Paulo,Santo André,30.0,A,69,24.35,32.36,40.57,0.87,51.15,59,47,35,26,5,1.4,420934,185210.96,2800,8087.0,0.8,31.84,98.51,-23.69,-46.62
3552700,São Miguel Arcanjo,Itapetininga,Capão Bonito,30.0,A,69,16.33,23.83,38.65,0.07,75.04,2,11,3,3,0,0.53,38000,15960.0,2000,10922.1,0.78,76.9,145.98,-23.89,-48.0
3548005,Salto,Macro Metropolitana Paulista,Sorocaba,30.0,A,69,20.68,40.9,35.68,0.25,51.15,16,18,8,12,2,1.4,114000,50160.0,2600,5510.8,0.76,28.01,40.09,-23.21,-47.27
3523206,Itapecerica da Serra,Metropolitana de São Paulo,Itapecerica da Serra,29.9,A,72,21.63,32.72,42.09,0.35,52.8,22,25,15,9,4,1.35,163143,71782.92,2700,5616.6,0.8,48.57,94.25,-23.73,-46.86
3504800,Atibaia,Macro Metropolitana Paulista,Bragança Paulista,29.8,A,73,20.85,38.67,43.99,0.3,43.25,22,22,9,6,2,1.55,142340,62629.6,2800,6165.7,0.78,61.04,56.31,-23.11,-46.56
3512803,Corumbataí,Campinas,Rio Claro,29.8,A,73,6.82,30.74,28.17,0.02,88.71,0,1,2,0,0,0.0,4000,1600.0,1150,6134.8,0.78,69.62,95.73,-22.22,-47.63
3500501,Águas de Lindóia,Campinas,Amparo,29.6,A,75,16.76,36.87,33.4,0.04,62.11,2,4,2,0,1,1.17,17024,7150.08,2200,5335.6,0.74,47.53,64.41,-22.48,-46.64
3546009,Ribeirão Pires,Metropolitana de São Paulo,Santo André,29.5,A,76,21.06,30.36,39.66,0.22,56.59,15,20,7,3,2,1.26,119000,52360.0,2700,6723.5,0.78,39.12,108.94,-23.7,-46.44
3532306,Mombuca,Campinas,Piracicaba,29.5,A,76,6.82,38.11,18.91,0.01,88.71,0,0,1,0,0,0.0,4000,1600.0,1150,7204.9,0.73,27.9,46.75,-22.87,-47.52
3503802,Araras,Campinas,Limeira,29.3,A,78,21.29,36.86,44.08,0.29,42.5,21,21,8,9,0,1.58,132714,58394.16,2800,4471.1,0.84,41.71,68.55,-22.36,-47.38
3552502,São Luís do Paraitinga,Vale do Paraíba Paulista,São José dos Campos,29.3,A,78,11.99,17.65,34.54,0.01,88.71,0,2,1,0,0,0.0,10000,4100.0,1650,9036.7,0.75,86.7,182.71,-23.23,-45.31
3522406,Iracemápolis,Campinas,Limeira,29.3,A,78,14.68,37.39,26.6,0.04,69.77,2,1,3,2,0,0.91,22000,9240.0,1900,2628.0,0.75,23.09,58.9,-22.58,-47.52
3546405,Rio Claro,Campinas,Rio Claro,29.2,A,81,22.37,36.04,42.42,0.39,42.92,32,34,7,8,5,1.57,204067,89789.48,2900,8361.4,0.78,42.66,74.35,-22.42,-47.56
3549102,Santa Lúcia,Araraquara,Araraquara,29.2,A,81,12.83,18.96,31.94,0.02,88.71,0,8,0,1,1,0.0,12000,4920.0,1700,7295.3,0.82,40.47,174.01,-21.66,-48.09
3508900,Cajamar,Metropolitana de São Paulo,Osasco,29.1,A,83,19.6,38.78,39.01,0.14,46.62,11,6,5,4,5,1.49,73943,31795.49,2600,7309.1,0.77,44.09,54.67,-23.37,-46.87
3515707,Engenheiro Coelho,Campinas,Campinas,29.1,A,83,14.35,39.2,28.92,0.04,64.42,2,1,3,3,2,1.11,18000,7560.0,2000,4683.7,0.76,25.0,48.49,-22.5,-47.23
3519600,Holambra,Campinas,Campinas,29.1,A,83,14.37,42.52,43.14,0.04,44.23,2,3,2,1,1,1.54,13000,5460.0,2800,8800.5,0.8,47.02,29.86,-22.64,-47.05
3527207,Juquitiba,Metropolitana de São Paulo,Itapecerica da Serra,29.1,A,83,16.15,28.73,34.78,0.07,68.62,3,6,4,3,1,0.94,32000,13440.0,2000,4630.2,0.81,44.92,116.77,-23.96,-47.07
3506003,Barra Bonita,Bauru,Jaú,28.9,A,87,16.85,22.22,37.86,0.04,71.0,3,6,0,1,0,0.84,35665,14979.3,2100,8648.2,0.79,60.4,159.2,-22.49,-48.55
3525904,Jundiaí,Macro Metropolitana Paulista,Jundiaí,28.9,A,87,24.45,50.49,57.85,2.99,0.82,320,65,33,18,12,7.41,431813,189997.72,3400,55000.0,0.82,50.95,36.5,-23.19,-46.89
3544103,Quadra,Itapetininga,Tatuí,28.8,A,89,6.82,29.58,24.84,0.0,88.71,0,0,0,0,0,0.0,4000,1600.0,1150,9035.5,0.72,65.4,103.4,-23.25,-48.0
3533106,Monteiro Lobato,Vale do Paraíba Paulista,São José dos Campos,28.8,A,89,8.08,26.48,26.5,0.01,88.71,0,2,0,1,0,0.0,5000,2000.0,1250,6025.3,0.78,51.92,123.98,-22.95,-45.85
3544608,Rafard,Campinas,Piracicaba,28.7,A,91,11.99,38.87,27.32,0.04,67.13,1,2,4,0,0,1.0,10000,4100.0,1650,7069.4,0.79,23.33,49.7,-23.0,-47.53
3549706,Santa Rita do Passa Quatro,Araraquara,São Carlos,28.7,A,91,15.67,25.18,33.33,0.04,72.82,2,6,1,0,0,0.71,28000,11760.0,1950,6007.1,0.76,54.53,138.43,-21.72,-47.48
3502606,Anhembi,Bauru,Botucatu,28.6,A,93,10.12,28.15,21.53,0.02,88.71,0,1,2,0,0,0.0,8218,3287.2,1400,3820.7,0.72,33.35,112.91,-22.79,-48.16
3548708,São Bernardo do Campo,Metropolitana de São Paulo,Santo André,28.6,A,93,27.37,42.26,59.68,5.83,0.99,620,118,74,30,22,7.34,844483,371572.52,3600,62000.0,0.8,49.73,102.37,-23.72,-46.58
3508405,Caconde,Campinas,São João da Boa Vista,28.6,A,93,14.36,21.9,35.72,0.06,75.04,1,6,5,3,0,0.53,18878,7928.76,1850,4439.5,0.81,60.71,158.74,-21.52,-46.68
3543303,Praia Grande,Metropolitana de São Paulo,Santos,28.5,A,96,23.62,26.12,48.92,0.8,42.5,53,49,34,18,9,1.58,335000,147400.0,2900,4554.8,0.87,55.17,141.18,-24.02,-46.39
3504503,Arujá,Metropolitana de São Paulo,Mogi das Cruzes,28.4,A,97,19.98,33.29,45.44,0.18,41.6,14,13,5,3,2,1.61,87182,37488.26,2700,6685.7,0.83,57.77,92.26,-23.4,-46.33
3540408,Pilar do Sul,Macro Metropolitana Paulista,Sorocaba,28.4,A,97,15.67,27.85,28.78,0.05,72.82,2,4,2,4,0,0.71,28000,11760.0,1950,6391.3,0.73,37.38,120.66,-23.82,-47.7
3504404,Artur Nogueira,Campinas,Campinas,28.4,A,97,18.48,41.09,35.41,0.1,45.22,8,6,3,2,1,1.53,52282,22481.26,2400,3000.4,0.8,26.79,39.54,-22.57,-47.19
3516002,Estiva Gerbi,Campinas,Campinas,28.4,A,97,12.53,35.73,26.17,0.01,69.77,1,1,0,1,1,0.91,11000,4510.0,1700,6696.7,0.71,44.04,69.87,-22.29,-46.95
3556305,Tapiratiba,Campinas,São João da Boa Vista,28.4,A,97,12.83,20.53,26.0,0.01,88.71,0,0,1,0,0,0.0,12000,4920.0,1700,4418.7,0.75,29.63,163.6,-21.46,-46.76
3540309,Piedade,Macro Metropolitana Paulista,Sorocaba,28.3,A,102,17.99,28.81,34.04,0.13,62.11,7,14,6,1,0,1.17,60000,25800.0,2100,6403.9,0.84,21.97,118.18,-23.91,-47.44
3528205,Lorena,Vale do Paraíba Paulista,Guaratinguetá,28.3,A,102,19.45,16.14,36.8,0.16,73.31,6,12,11,4,2,0.69,87000,37410.0,2400,5390.2,0.78,40.89,198.5,-22.75,-45.13
3555901,Tambaú,Campinas,São João da Boa Vista,28.3,A,102,14.68,25.24,29.37,0.02,76.11,1,3,1,0,1,0.45,22000,9240.0,1900,3874.6,0.77,33.75,135.89,-21.7,-47.28
3506508,Barueri,Metropolitana de São Paulo,Osasco,28.3,A,102,23.2,37.39,45.73,0.68,31.05,50,45,23,12,4,1.88,266256,117152.64,3400,7487.4,0.78,29.97,68.58,-23.5,-46.89
3514502,Dourado,Araraquara,Araraquara,28.2,A,106,11.38,21.29,26.05,0.01,88.71,0,0,1,0,0,0.0,9000,3690.0,1600,8344.1,0.75,33.0,158.52,-22.09,-48.33
3554300,Sete Barras,Vale do Ribeira / Litoral Sul,Registro,28.2,A,106,13.15,16.89,28.81,0.02,88.71,0,4,1,1,1,0.0,14000,5740.0,1700,5961.0,0.81,25.68,187.78,-24.39,-47.93
3546504,Rio das Pedras,Campinas,Piracicaba,28.1,A,108,15.98,38.44,31.68,0.07,54.28,4,7,3,1,0,1.33,30000,12600.0,2000,6012.0,0.77,38.23,55.38,-22.85,-47.6
3555000,Suzano,Metropolitana de São Paulo,Mogi das Cruzes,28.0,A,109,22.94,31.52,42.59,0.73,40.53,50,45,31,10,8,1.64,305000,134200.0,2700,7121.4,0.8,48.55,105.66,-23.56,-46.31
3557907,Tremembé,Vale do Paraíba Paulista,São José dos Campos,27.9,A,110,17.29,23.07,37.53,0.09,64.42,5,7,4,2,0,1.11,45000,19350.0,2200,9009.0,0.79,52.81,155.79,-22.98,-45.54
3553203,São Sebastião,Vale do Paraíba Paulista,Litoral Norte Paulista,27.9,A,110,19.85,17.08,45.03,0.17,60.21,11,12,7,3,1,1.21,91000,39130.0,2500,8235.9,0.79,81.12,196.62,-23.8,-45.4
3548104,Salto de Pirapora,Macro Metropolitana Paulista,Sorocaba,27.9,A,110,16.74,31.84,30.13,0.09,62.44,5,9,4,2,0,1.16,43000,18060.0,2100,5600.4,0.76,27.71,97.9,-23.65,-47.57
3519204,Guarulhos,Metropolitana de São Paulo,Guarulhos,27.9,A,110,30.33,46.87,43.89,9.19,1.81,980,219,102,49,28,7.04,1392121,612533.24,2900,35000.0,0.76,34.48,83.33,-23.47,-46.52
3552403,São Lourenço da Serra,Metropolitana de São Paulo,Itapecerica da Serra,27.8,A,114,13.15,29.83,26.32,0.03,72.82,1,1,3,0,1,0.71,14000,5740.0,1700,5795.8,0.73,40.03,107.5,-23.87,-47.03
3550704,Santo Antônio do Pinhal,Macro Metropolitana Paulista,Bragança Paulista,27.8,A,114,9.76,23.52,23.06,0.0,88.71,0,0,0,0,0,0.0,7000,2800.0,1400,5659.0,0.7,47.7,143.67,-22.81,-45.66
3518909,Guareí,Itapetininga,Tatuí,27.7,A,116,13.15,27.09,29.21,0.03,72.82,1,3,2,0,0,0.71,14000,5740.0,1700,6988.9,0.8,28.49,125.7,-23.36,-48.19
3538600,Patrocínio Paulista,Ribeirão Preto,Franca,27.6,A,117,12.83,7.13,37.18,0.01,88.71,0,2,1,0,1,0.0,12000,4920.0,1700,14099.0,0.8,73.58,252.62,-20.64,-47.27
3532009,Mogi das Cruzes,Metropolitana de São Paulo,Mogi das Cruzes,27.6,A,117,24.4,30.55,39.84,1.09,40.53,72,59,50,22,11,1.64,440000,193600.0,3000,6661.1,0.77,23.24,112.98,-23.53,-46.19
3526001,Jardinópolis,Ribeirão Preto,Ribeirão Preto,27.6,A,117,16.74,12.61,38.43,0.06,75.54,2,6,4,1,1,0.48,42000,17640.0,2100,9906.9,0.81,57.9,220.14,-21.03,-47.74
3560505,Votorantim,Macro Metropolitana Paulista,Sorocaba,27.6,A,117,20.81,34.98,46.45,0.33,32.7,25,20,11,4,1,1.84,136000,59840.0,2600,12325.4,0.86,54.6,83.25,-23.56,-47.45
3533304,Monte Mor,Campinas,Campinas,27.5,A,121,18.33,43.23,34.48,0.13,38.8,10,12,3,2,2,1.67,60000,25800.0,2300,5374.1,0.76,40.56,26.52,-22.96,-47.31
3531407,Miracatu,Vale do Ribeira / Litoral Sul,Registro,27.4,A,122,14.68,22.55,33.62,0.04,69.77,2,7,0,2,0,0.91,22000,9240.0,1850,5395.2,0.78,57.8,157.53,-24.28,-47.45
3532108,Mogi Guaçu,Campinas,Campinas,27.4,A,122,21.41,38.53,44.11,0.41,29.41,30,30,11,14,1,1.97,152000,66880.0,2700,9434.8,0.81,53.59,60.91,-22.37,-46.92
3513108,Cotia,Metropolitana de São Paulo,Itapecerica da Serra,27.3,A,124,23.4,36.3,48.44,0.69,23.72,58,34,18,15,8,2.21,261926,115247.44,3500,6873.8,0.8,36.07,78.76,-23.6,-46.91
3519105,Guarujá,Metropolitana de São Paulo,Santos,27.2,A,125,23.8,25.2,43.88,0.87,41.6,55,56,38,21,6,1.61,340839,149969.16,2900,5167.2,0.77,59.27,147.59,-24.0,-46.25
3529609,Mairinque,Macro Metropolitana Paulista,Sorocaba,27.1,A,126,17.81,35.96,33.07,0.11,47.69,8,9,3,4,0,1.45,55000,23650.0,2200,6527.3,0.82,15.84,73.0,-23.55,-47.17
3511904,Charqueada,Campinas,Piracicaba,27.0,A,127,13.69,33.88,33.66,0.03,54.28,2,0,1,1,0,1.33,15000,6150.0,1750,11467.5,0.77,62.93,85.61,-22.52,-47.78
3528700,Luís Antônio,Araraquara,São Carlos,27.0,A,127,12.3,21.22,35.54,0.02,69.77,1,1,1,0,0,0.91,11000,4510.0,1650,9838.5,0.78,77.81,166.36,-21.53,-47.69
3504206,Areiópolis,Bauru,Botucatu,27.0,A,127,12.76,21.36,34.88,0.03,69.77,1,2,2,0,0,0.91,10948,4488.68,1700,6398.4,0.83,54.55,165.38,-22.69,-48.66
3509700,Campos do Jordão,Vale do Paraíba Paulista,São José dos Campos,27.0,A,127,18.56,24.13,48.36,0.1,44.23,8,3,3,4,2,1.54,52109,22406.87,2800,9143.4,0.82,72.84,152.32,-22.73,-45.59
3507100,Botucatu,Bauru,Botucatu,26.9,A,131,21.67,25.75,48.6,0.37,37.23,25,25,15,6,1,1.68,148977,65549.88,2900,13009.2,0.78,80.37,143.31,-22.89,-48.46
3540507,Pindamonhangaba,Vale do Paraíba Paulista,São José dos Campos,26.9,A,131,21.2,22.62,46.03,0.42,44.23,27,22,20,9,4,1.54,175000,77000.0,2600,12780.7,0.8,74.13,163.07,-22.92,-45.47
3512902,Cosmópolis,Campinas,Campinas,26.8,A,133,19.24,42.55,36.47,0.14,32.37,12,9,3,3,0,1.85,65000,27950.0,2600,3834.8,0.79,24.69,32.52,-22.65,-47.21
3536406,Osasco,Metropolitana de São Paulo,Osasco,26.8,A,133,26.36,45.61,48.76,4.77,1.15,510,120,49,30,18,7.29,700000,308000.0,3100,42000.0,0.78,41.43,75.39,-23.54,-46.79
3524907,Itupeva,Macro Metropolitana Paulista,Sorocaba,26.8,A,133,18.91,43.81,42.78,0.16,24.05,13,2,5,6,2,2.17,60000,25800.0,2700,5247.1,0.82,43.78,26.79,-23.15,-47.05
3555406,Taboão da Serra,Metropolitana de São Paulo,Itapecerica da Serra,26.8,A,133,22.88,35.09,40.31,0.78,31.96,55,48,28,20,4,1.86,295000,129800.0,2700,8022.5,0.8,34.07,83.92,-23.61,-46.75
3549904,São José dos Campos,Vale do Paraíba Paulista,São José dos Campos,26.7,A,137,25.54,38.0,56.98,5.09,1.65,530,105,76,31,18,7.09,748023,329130.12,3500,48000.0,0.81,50.8,125.1,-23.19,-45.88
3557402,Terra Roxa,Ribeirão Preto,Jaboticabal,26.6,A,138,13.71,4.49,34.1,0.02,88.71,0,6,1,0,0,0.0,18000,7380.0,1750,9355.1,0.81,51.61,270.19,-20.77,-48.31
3502804,Aparecida,Vale do Paraíba Paulista,Guaratinguetá,26.6,A,138,16.85,18.32,36.44,0.06,64.42,4,4,2,3,0,1.11,35942,15095.64,2300,4391.7,0.8,38.78,187.35,-22.85,-45.23
3515509,Embu-Guaçu,Metropolitana de São Paulo,Itapecerica da Serra,26.6,A,138,18.86,31.34,37.63,0.16,44.23,10,15,6,4,2,1.54,65000,27950.0,2500,5276.7,0.78,39.35,104.48,-23.82,-46.82
3553401,São Simão,Araraquara,Araraquara,26.6,A,138,13.69,20.78,28.87,0.01,74.05,1,3,0,0,2,0.62,16000,6560.0,1750,5414.3,0.77,38.21,166.93,-21.48,-47.56
3527801,Lençóis Paulista,Bauru,Bauru,26.6,A,138,19.03,19.2,35.51,0.14,61.61,8,11,7,3,0,1.18,68000,29240.0,2400,5097.4,0.79,29.75,182.19,-22.6,-48.81
3520806,Igaraçu do Tietê,Bauru,Jaú,26.5,A,143,15.0,22.53,36.93,0.04,60.63,3,6,0,0,2,1.2,25000,10500.0,1900,7795.1,0.84,52.56,160.05,-22.5,-48.56
3542602,Porangaba,Itapetininga,Tatuí,26.5,A,143,11.38,29.59,29.82,0.03,64.42,1,3,2,0,3,1.11,9000,3690.0,1600,7293.3,0.76,56.78,112.29,-23.18,-48.12
3557659,Torre de Pedra,Bauru,Botucatu,26.5,A,143,5.03,26.92,18.31,0.01,88.71,0,0,2,0,0,0.0,2800,1120.0,1050,2729.8,0.77,18.93,121.07,-23.25,-48.18
3551702,São Joaquim da Barra,Ribeirão Preto,Franca,26.5,A,143,17.47,4.99,41.24,0.07,74.46,3,8,3,2,1,0.61,49000,21070.0,2200,9449.5,0.82,63.01,271.86,-20.57,-47.85
3510005,Canas,Vale do Paraíba Paulista,Guaratinguetá,26.5,A,143,8.62,19.42,22.62,0.01,88.71,0,1,1,0,0,0.0,5231,2092.4,1300,3308.0,0.78,25.56,170.91,-22.69,-45.41
3514205,Dobrada,Araraquara,Araraquara,26.5,A,143,9.76,14.02,27.38,0.01,88.71,0,1,1,0,0,0.0,7000,2800.0,1400,7458.9,0.77,47.94,206.81,-21.52,-48.4
3544806,Redenção da Serra,Vale do Paraíba Paulista,São José dos Campos,26.4,A,149,7.13,21.1,21.87,0.0,88.71,0,1,0,0,0,0.0,4500,1800.0,1200,4396.2,0.73,44.0,159.76,-23.25,-45.55
3530607,Matão,Araraquara,Araraquara,26.4,A,149,19.4,17.4,44.69,0.16,52.14,11,9,6,5,1,1.38,80000,34400.0,2500,6350.4,0.86,55.26,195.9,-21.61,-48.35
3500402,Águas da Prata,Campinas,São João da Boa Vista,26.3,A,151,14.69,29.64,32.48,0.02,55.93,1,0,1,1,0,1.29,7774,3187.34,1800,5558.4,0.79,48.17,113.39,-21.94,-46.71
3550209,Santo Antônio da Alegria,Ribeirão Preto,Batatais,26.3,A,151,11.38,14.71,23.67,0.01,88.71,0,2,0,2,0,0.0,9000,3690.0,1600,6722.6,0.71,37.09,202.26,-21.09,-47.15
3557105,Taubaté,Vale do Paraíba Paulista,São José dos Campos,26.2,B,153,23.4,24.28,45.56,0.75,35.91,56,37,29,9,8,1.73,324200,142648.0,2900,8656.0,0.83,44.7,154.7,-23.02,-45.56
3505203,Avaré,Itapetininga,Avaré,26.2,B,153,19.28,17.87,35.31,0.18,61.12,11,10,8,8,3,1.19,92297,39687.71,2200,5479.1,0.82,29.76,191.24,-23.09,-48.92
3548906,Santa Gertrudes,Campinas,Rio Claro,26.2,B,153,15.0,36.33,36.66,0.05,42.01,4,3,2,1,0,1.6,25000,10500.0,1900,4626.1,0.77,78.68,71.55,-22.43,-47.53
3518800,Guaratinguetá,Vale do Paraíba Paulista,Guaratinguetá,26.2,B,153,21.09,17.94,37.44,0.28,55.93,16,17,16,5,3,1.29,124186,54641.84,2600,5044.3,0.8,27.51,191.72,-22.83,-45.19
3545407,Ribeirão Bonito,Araraquara,Araraquara,26.1,B,157,13.15,23.43,25.19,0.02,72.82,1,4,0,0,0,0.71,14000,5740.0,1700,3776.6,0.76,24.2,150.06,-22.06,-48.2
3520400,Ibitinga,Araraquara,Araraquara,26.0,B,158,18.31,12.9,32.44,0.09,70.51,5,8,4,1,0,0.89,56000,24080.0,2300,5296.0,0.78,22.46,221.61,-21.76,-48.83
3539509,Pedreira,Campinas,Amparo,26.0,B,158,17.3,43.82,35.17,0.13,29.9,9,5,7,1,0,1.91,47000,20210.0,2200,3781.4,0.78,46.16,24.44,-22.75,-46.89
3510708,Caraguatatuba,Vale do Paraíba Paulista,Litoral Norte Paulista,26.0,B,158,21.1,18.91,44.51,0.26,45.96,19,23,6,6,1,1.5,126491,55656.04,2800,9383.6,0.82,46.53,187.13,-23.62,-45.4
3508306,Cachoeira Paulista,Vale do Paraíba Paulista,Guaratinguetá,25.9,B,161,15.99,14.4,34.74,0.06,68.62,3,4,3,5,2,0.94,31980,13431.6,2000,9078.5,0.8,44.5,211.95,-22.66,-45.01
3506805,Boracéia,Bauru,Bauru,25.9,B,161,8.62,13.4,26.26,0.0,88.71,0,2,0,0,0,0.0,5256,2102.4,1300,5889.0,0.74,63.32,210.92,-22.18,-48.96
3545209,Restinga,Ribeirão Preto,Franca,25.9,B,161,10.42,6.15,32.09,0.0,88.71,0,0,0,2,0,0.0,7500,3000.0,1450,9502.3,0.79,65.93,259.15,-20.63,-47.58
3503703,Araraquara,Araraquara,Araraquara,25.9,B,161,22.9,22.21,48.48,0.6,33.94,44,45,19,10,2,1.81,243102,106964.88,3000,6840.2,0.84,52.12,168.67,-21.79,-48.18
3520004,Iaras,Bauru,Bauru,25.9,B,161,8.08,12.7,27.79,0.0,88.71,0,0,0,0,0,0.0,5000,2000.0,1250,5841.4,0.77,64.28,215.58,-22.86,-49.16
3527405,Laranjal Paulista,Itapetininga,Tatuí,25.9,B,161,15.82,34.9,29.4,0.07,49.34,4,6,3,1,1,1.43,28000,11760.0,1950,4151.2,0.79,20.36,79.72,-23.06,-47.82
3529708,Mairiporã,Macro Metropolitana Paulista,Bragança Paulista,25.8,B,167,20.03,37.64,37.54,0.21,30.64,18,19,4,1,4,1.89,95000,40850.0,2700,6651.0,0.74,39.31,65.74,-23.3,-46.58
3552205,Sorocaba,Macro Metropolitana Paulista,Sorocaba,25.8,B,167,25.4,44.64,45.29,4.55,1.98,490,104,43,38,16,6.95,704942,310174.48,2800,38000.0,0.78,39.72,78.33,-23.51,-47.46
3556404,Taquaral,Araraquara,Araraquara,25.8,B,167,7.13,14.89,25.84,0.01,88.71,0,0,1,1,0,0.0,4500,1800.0,1200,5922.3,0.79,46.8,201.02,-21.65,-48.47
3507704,Buri,Itapetininga,Itapeva,25.8,B,167,14.02,17.99,26.33,0.05,75.29,1,4,4,1,0,0.5,19984,8193.44,1800,4040.0,0.75,27.06,184.47,-23.77,-48.6
3534609,Nova Campina,Itapetininga,Capão Bonito,25.8,B,167,9.76,7.66,30.82,0.0,88.71,0,2,0,0,0,0.0,7000,2800.0,1400,6168.5,0.81,56.76,249.06,-24.24,-49.02
3557808,Trabiju,Araraquara,Araraquara,25.7,B,172,5.03,17.58,24.67,0.01,88.71,0,0,1,0,0,0.0,3000,1200.0,1050,6683.7,0.78,49.97,183.14,-21.77,-48.35
3554003,Serrana,Ribeirão Preto,Ribeirão Preto,25.7,B,172,16.74,17.09,29.36,0.07,69.03,4,5,4,2,0,0.93,43000,18060.0,2100,5346.6,0.76,22.18,194.07,-21.23,-47.59
3560307,Vista Alegre do Alto,Ribeirão Preto,Jaboticabal,25.7,B,172,9.23,7.22,31.51,0.02,88.71,0,0,3,0,0,0.0,6000,2400.0,1350,6560.1,0.77,79.52,252.0,-21.17,-48.64
3517307,Gavião Peixoto,Araraquara,Araraquara,25.7,B,172,8.08,17.0,21.94,0.01,88.71,0,2,0,1,0,0.0,5000,2000.0,1250,6825.6,0.76,29.36,187.02,-21.87,-48.49
3532504,Mongaguá,Vale do Ribeira / Litoral Sul,Registro,25.7,B,172,17.8,26.22,30.07,0.09,55.44,7,4,3,0,2,1.3,54000,23220.0,2200,5184.9,0.72,33.02,136.44,-24.08,-46.66
3558707,Ubatuba,Vale do Paraíba Paulista,Litoral Norte Paulista,25.7,B,172,19.84,14.96,36.43,0.16,59.72,11,16,4,6,1,1.22,90000,38700.0,2500,4110.4,0.78,34.59,210.81,-23.44,-45.08
3511102,Cássia dos Coqueiros,Ribeirão Preto,Batatais,25.6,B,178,5.87,17.98,22.54,0.0,88.71,0,0,0,0,0,0.0,3500,1400.0,1100,4700.8,0.79,33.91,180.48,-21.28,-47.09
3517505,Getulina,Araçatuba,Lins,25.5,B,179,12.83,0.0,34.39,0.02,88.71,0,4,1,1,0,0.0,12000,4920.0,1700,10345.8,0.82,53.18,320.2,-21.78,-49.93
3502002,Américo Brasiliense,Araraquara,Araraquara,25.3,B,180,18.2,21.45,35.02,0.11,53.21,5,12,6,3,0,1.34,37428,16094.04,2200,5455.9,0.77,48.29,168.38,-21.73,-48.09
3522307,Ipuã,Ribeirão Preto,Barretos,25.2,B,181,13.69,1.5,30.24,0.0,88.71,0,0,0,0,0,0.0,15000,6150.0,1750,5814.6,0.74,55.55,290.0,-20.45,-48.02
3537800,Paraibuna,Vale do Paraíba Paulista,São José dos Campos,25.1,B,182,13.71,23.61,26.95,0.03,64.42,2,3,1,1,0,1.11,18000,7380.0,1750,5479.8,0.73,39.99,152.07,-23.39,-45.67
3535804,Óleo,Itapetininga,Avaré,25.1,B,182,6.82,10.5,27.47,0.01,88.71,0,1,1,0,1,0.0,4000,1600.0,1150,3624.4,0.78,64.68,230.24,-22.98,-49.31
3519501,Herculândia,Marília,Tupã,25.1,B,182,12.83,0.0,32.18,0.0,88.71,0,0,0,0,0,0.0,12000,4920.0,1700,6619.2,0.81,45.74,358.55,-21.99,-50.41
3528007,Lindóia,Campinas,Amparo,25.1,B,182,9.76,38.14,28.48,0.01,49.34,1,0,1,0,0,1.43,7000,2800.0,1400,9644.4,0.78,49.21,58.01,-22.53,-46.66
3521200,Ilha Comprida,Vale do Ribeira / Litoral Sul,Registro,25.1,B,182,12.83,14.93,31.32,0.01,71.33,1,3,0,0,1,0.83,12000,4920.0,1700,6187.2,0.76,59.39,207.51,-24.72,-47.54
3506300,Barretos,Ribeirão Preto,Barretos,25.0,B,187,21.08,1.46,44.03,0.2,62.93,14,18,5,7,2,1.14,122600,53944.0,2700,9046.6,0.81,52.66,302.57,-20.57,-48.56
3516804,Franco da Rocha,Macro Metropolitana Paulista,Bragança Paulista,25.0,B,187,20.75,38.96,36.3,0.41,24.79,32,31,11,5,5,2.09,153000,65790.0,2300,7229.3,0.8,37.57,59.14,-23.33,-46.71
3516606,Franca,Ribeirão Preto,Franca,25.0,B,187,24.33,6.92,41.15,0.74,54.28,48,52,30,17,6,1.33,362064,159308.16,3100,4733.5,0.8,18.43,266.55,-20.53,-47.4
3520509,Ibiúna,Macro Metropolitana Paulista,Sorocaba,25.0,B,187,19.07,34.72,35.59,0.22,32.95,15,17,7,7,2,1.83,82000,35260.0,2300,5448.5,0.79,36.51,84.52,-23.65,-47.22
3512308,Conchal,Campinas,Limeira,24.9,B,191,15.98,37.18,31.02,0.05,38.8,5,4,0,1,1,1.67,30000,12600.0,2000,5924.3,0.77,35.97,66.47,-22.32,-47.17
3549003,Santa Isabel,Metropolitana de São Paulo,Mogi das Cruzes,24.9,B,191,18.5,32.88,37.81,0.12,33.44,10,8,3,3,0,1.82,55000,23650.0,2400,6149.8,0.79,44.03,96.48,-23.31,-46.23
3523602,Itapira,Campinas,Amparo,24.8,B,193,19.21,39.54,41.76,0.21,19.11,18,18,3,5,0,2.47,73000,31390.0,2400,7301.8,0.8,65.08,57.76,-22.44,-46.82
3514304,Dois Córregos,Bauru,Jaú,24.8,B,193,15.66,25.04,37.15,0.06,47.03,4,6,1,4,1,1.48,27000,11340.0,1950,9226.7,0.84,46.7,145.63,-22.38,-48.36
3523008,Itaju,Bauru,Jaú,24.8,B,193,6.82,17.18,18.55,0.0,88.71,0,0,0,0,0,0.0,4000,1600.0,1150,5670.2,0.71,31.98,185.83,-22.27,-48.73
3503307,Araçoiaba da Serra,Macro Metropolitana Paulista,Sorocaba,24.8,B,193,15.01,33.83,31.43,0.06,43.25,4,1,3,2,0,1.55,25869,10864.98,2000,5045.2,0.79,28.65,87.74,-23.51,-47.61
3505906,Bariri,Bauru,Jaú,24.7,B,197,16.3,17.36,34.39,0.04,57.91,4,4,0,1,1,1.25,32018,13447.56,2000,8114.6,0.8,44.23,194.8,-22.06,-48.72
3547700,Salesópolis,Metropolitana de São Paulo,Mogi das Cruzes,24.7,B,197,13.69,25.38,28.79,0.03,57.91,2,0,2,0,0,1.25,16000,6560.0,1750,4657.9,0.78,34.17,141.42,-23.52,-45.85
3504701,Assis,Assis,Assis,24.7,B,197,20.0,0.98,36.12,0.19,72.16,8,15,11,7,1,0.77,104128,44775.04,2300,5969.0,0.8,37.58,345.65,-22.66,-50.42
3510609,Capivari,Campinas,Piracicaba,24.7,B,197,18.66,41.09,37.88,0.13,21.25,13,9,1,1,0,2.27,57250,24617.5,2400,7062.8,0.75,57.52,45.64,-22.98,-47.5
3539400,Pedregulho,Ribeirão Preto,Franca,24.7,B,197,13.69,0.32,28.91,0.01,88.71,0,5,0,1,0,0.0,16000,6560.0,1750,10284.8,0.78,31.37,297.9,-20.26,-47.48
3545001,Reginópolis,Bauru,Bauru,24.7,B,197,9.23,7.7,25.9,0.01,88.71,0,1,1,0,0,0.0,6000,2400.0,1350,6152.5,0.77,43.22,248.86,-21.88,-49.21
3523107,Itanhaém,Vale do Ribeira / Litoral Sul,Registro,24.6,B,203,20.06,25.63,41.14,0.25,34.51,18,18,8,7,3,1.78,101000,43430.0,2600,5608.0,0.84,35.61,144.68,-24.18,-46.78
3505609,Bananal,Vale do Paraíba Paulista,Bananal,24.6,B,203,12.53,2.91,26.74,0.01,88.71,0,1,1,1,0,0.0,11086,4545.26,1700,6592.2,0.77,24.77,280.68,-22.69,-44.33
3553708,Sarutaiá,Itapetininga,Avaré,24.6,B,203,8.08,7.52,26.64,0.01,88.71,0,0,1,0,1,0.0,5000,2000.0,1250,4540.7,0.77,55.72,250.01,-23.24,-49.48
3539707,Pedro de Toledo,Vale do Ribeira / Litoral Sul,Registro,24.6,B,203,11.99,23.12,24.13,0.01,67.13,1,0,1,0,1,1.0,10000,4100.0,1650,2795.8,0.75,24.21,154.42,-24.28,-47.24
3508108,Cabreúva,Macro Metropolitana Paulista,Sorocaba,24.5,B,207,17.82,41.58,38.82,0.2,19.6,12,12,11,1,0,2.41,49792,21410.56,2400,5772.4,0.75,65.92,43.47,-23.29,-47.15
3541208,Pirapora do Bom Jesus,Macro Metropolitana Paulista,Sorocaba,24.5,B,207,14.02,39.5,38.59,0.06,27.35,4,5,2,1,1,2.0,20000,8200.0,1800,8527.7,0.82,73.13,53.74,-23.39,-47.01
3556107,Tapiraí,Itapetininga,Capão Bonito,24.5,B,207,11.07,27.61,24.68,0.01,61.61,1,2,0,0,0,1.18,8500,3485.0,1500,6396.9,0.75,34.05,126.01,-23.96,-47.51
3525003,Ituverava,Ribeirão Preto,Ituverava,24.5,B,207,16.5,1.0,34.23,0.08,77.43,1,7,8,2,0,0.24,41000,17220.0,2050,6134.9,0.84,22.86,295.32,-20.33,-47.77
3539806,Penápolis,Araçatuba,Araçatuba,24.4,B,211,18.33,1.24,40.4,0.1,67.13,6,7,5,3,0,1.0,60000,25800.0,2300,11279.3,0.82,52.01,351.68,-21.41,-50.07
3548401,Santa Adélia,São José do Rio Preto,Catanduva,24.4,B,211,13.69,7.38,33.37,0.01,73.64,1,0,0,2,0,0.67,15000,6150.0,1750,5547.8,0.81,50.71,256.39,-21.25,-48.79
3507001,Borebi,Bauru,Bauru,24.4,B,211,5.26,12.63,23.08,0.0,88.71,0,0,0,1,0,0.0,2727,1090.8,1050,7420.3,0.76,47.45,216.02,-22.58,-49.14
3553609,Sarapuí,Macro Metropolitana Paulista,Sorocaba,24.4,B,211,10.42,29.66,26.18,0.01,57.91,1,2,0,0,0,1.25,8000,3280.0,1500,4392.5,0.77,37.89,112.97,-23.65,-47.82
3518008,Guapiaçu,São José do Rio Preto,São José do Rio Preto,24.3,B,215,15.0,0.98,39.7,0.03,71.75,2,2,1,0,1,0.8,25000,10500.0,1900,5054.9,0.81,81.82,323.78,-20.79,-49.21
3521606,Indiaporã,São José do Rio Preto,Fernandópolis,24.3,B,215,7.74,0.0,34.27,0.0,88.71,0,2,0,0,0,0.0,5000,2000.0,1200,9680.0,0.84,76.84,467.65,-19.97,-50.3
3503208,Araçatuba,Araçatuba,Araçatuba,24.2,B,217,21.83,1.62,41.67,0.39,59.72,24,30,17,9,7,1.22,197120,86732.8,2800,4516.2,0.81,37.94,395.8,-21.21,-50.44
3541703,Planalto,São José do Rio Preto,São José do Rio Preto,24.2,B,217,9.23,0.0,32.1,0.0,88.71,0,0,0,1,0,0.0,6000,2400.0,1350,6319.0,0.78,78.95,362.94,-21.02,-49.94
3546306,Rinópolis,Presidente Prudente,Dracena,24.2,B,217,11.38,0.0,29.48,0.0,88.71,0,1,0,1,1,0.0,9000,3690.0,1600,6177.6,0.71,72.53,399.42,-21.73,-50.73
3553906,Serra Azul,Ribeirão Preto,Ribeirão Preto,24.1,B,220,12.3,18.41,24.29,0.03,69.77,1,2,2,1,0,0.91,11000,4510.0,1650,4080.8,0.73,30.21,184.97,-21.32,-47.59
3501707,Álvaro de Carvalho,Marília,Marília,24.1,B,220,8.0,1.86,30.91,0.01,88.71,0,0,1,1,0,0.0,4175,1670.0,1200,13558.5,0.81,65.39,287.66,-22.1,-49.72
3543808,Presidente Prudente,Presidente Prudente,Presidente Prudente,24.1,B,220,22.49,1.8,45.65,0.46,53.21,30,38,16,13,5,1.34,224191,98644.04,2900,5494.4,0.83,45.47,452.95,-22.11,-51.38
3515806,Espirito Santo do Pinhal,Campinas,Amparo,24.1,B,220,17.06,34.63,38.53,0.11,27.35,9,7,3,3,0,2.0,45000,18900.0,2100,7472.0,0.84,47.35,86.27,-22.18,-46.75
3543501,Presidente Alves,Bauru,Bauru,24.0,B,224,6.82,6.2,26.6,0.0,88.71,0,0,0,0,0,0.0,4000,1600.0,1150,6819.7,0.73,77.65,258.78,-22.08,-49.42
3544707,Rancharia,Assis,Assis,24.0,B,224,15.99,0.39,33.38,0.05,77.1,1,8,3,1,1,0.32,31000,13020.0,1950,12008.4,0.75,53.97,401.18,-22.22,-50.9
3550605,Santo Antônio do Jardim,Campinas,Amparo,23.9,B,226,10.42,31.81,21.15,0.03,57.91,1,0,3,0,0,1.25,8000,3280.0,1500,5823.6,0.73,19.36,98.71,-22.09,-46.68
3511706,Cerquilho,Itapetininga,Tatuí,23.9,B,226,17.64,36.2,29.03,0.1,34.51,8,7,2,2,1,1.78,45000,19350.0,2200,3315.7,0.73,24.91,74.0,-23.14,-47.74
3541307,Pirapozinho,Presidente Prudente,Presidente Prudente,23.9,B,226,14.68,0.55,34.9,0.03,76.11,1,1,2,3,1,0.45,22000,9240.0,1850,6005.5,0.77,68.2,461.62,-22.29,-51.51
3554409,Severínia,Ribeirão Preto,Barretos,23.8,B,229,13.69,1.6,36.23,0.03,74.05,1,2,2,0,1,0.62,16000,6560.0,1750,9282.3,0.84,55.86,294.39,-20.81,-48.8
3526209,Jaú,Bauru,Jaú,23.8,B,229,21.44,22.47,41.2,0.38,32.37,29,24,13,5,3,1.85,157000,69080.0,2700,5596.0,0.83,30.14,166.66,-22.3,-48.55
3557204,Tejupá,Itapetininga,Itapeva,23.8,B,229,9.23,5.94,23.14,0.0,88.71,0,0,0,0,0,0.0,6500,2600.0,1350,5046.8,0.78,22.17,260.54,-23.62,-49.49
3512605,Coroados,Araçatuba,Araçatuba,23.8,B,229,8.92,0.0,29.98,0.01,88.71,0,2,1,1,0,0.0,5500,2200.0,1300,7014.9,0.77,73.69,358.68,-21.31,-50.09
3544400,Queluz,Vale do Paraíba Paulista,Guaratinguetá,23.8,B,229,12.83,10.59,29.72,0.01,71.33,1,0,1,0,0,0.83,12000,4920.0,1700,6170.0,0.76,48.28,236.33,-22.53,-44.79
3540903,Piraçununga,Araraquara,Araraquara,23.8,B,229,19.04,31.11,39.03,0.18,27.35,14,9,6,4,1,2.0,70000,30100.0,2400,6157.5,0.8,46.56,109.84,-21.97,-47.42
3541406,Pirassununga,Araraquara,Araraquara,23.8,B,229,19.04,31.18,30.49,0.18,36.66,12,11,8,4,0,1.71,70000,30100.0,2400,2313.3,0.74,18.2,106.97,-22.0,-47.41
3505005,Avaí,Bauru,Bauru,23.8,B,229,8.08,7.77,22.62,0.01,88.71,0,0,1,0,0,0.0,4994,1997.6,1250,4971.9,0.76,33.5,248.33,-22.17,-49.34
3538402,Pariquera-Açu,Vale do Ribeira / Litoral Sul,Registro,23.8,B,229,14.01,14.05,28.85,0.03,66.14,2,2,1,0,0,1.05,19000,7790.0,1800,3781.4,0.8,22.45,215.16,-24.7,-47.86
3558004,Três Fronteiras,São José do Rio Preto,Jales,23.7,B,238,9.76,0.0,29.01,0.0,88.71,0,0,0,0,0,0.0,7000,2800.0,1400,7937.4,0.77,58.01,528.85,-19.93,-51.05
3546702,Riolândia,São José do Rio Preto,Votuporanga,23.7,B,238,12.3,0.0,25.94,0.01,88.71,0,2,1,0,0,0.0,11000,4510.0,1650,3920.7,0.77,28.03,420.8,-20.02,-49.7
3542701,Porto Feliz,Macro Metropolitana Paulista,Sorocaba,23.6,B,240,18.31,39.5,38.06,0.14,17.71,14,2,2,3,1,2.5,56000,24080.0,2300,9843.0,0.75,63.48,58.08,-23.23,-47.51
3513207,Cravinhos,Ribeirão Preto,Ribeirão Preto,23.6,B,240,16.7,18.5,34.92,0.1,49.34,5,4,7,2,1,1.43,35000,14700.0,2100,8343.5,0.81,36.23,188.69,-21.33,-47.74
3511300,Catanduva,São José do Rio Preto,Catanduva,23.6,B,240,21.09,5.04,46.24,0.26,47.69,18,16,10,4,0,1.45,124542,54798.48,2700,7174.5,0.86,49.85,278.87,-21.13,-48.97
3543402,Ribeirão Preto,Ribeirão Preto,Ribeirão Preto,23.6,B,240,26.0,25.84,54.54,4.97,1.48,520,110,70,27,22,7.24,718531,316153.64,3300,52000.0,0.8,47.32,206.76,-21.18,-47.81
3522208,Iporanga,Vale do Ribeira / Litoral Sul,Registro,23.5,B,244,7.13,8.34,21.32,0.02,88.71,0,0,3,1,0,0.0,4500,1800.0,1200,5764.0,0.74,36.49,244.55,-24.6,-48.59
3514809,Dumont,Ribeirão Preto,Ribeirão Preto,23.5,B,244,11.38,15.18,30.82,0.01,64.42,1,0,0,0,0,1.11,9000,3690.0,1600,9391.3,0.79,49.81,208.08,-21.25,-47.99
3537909,Paraíso,São José do Rio Preto,Catanduva,23.5,B,244,7.13,4.32,26.04,0.0,88.71,0,0,0,0,0,0.0,4500,1800.0,1200,8807.6,0.75,58.53,271.26,-21.02,-48.73
3531704,Mirassol,São José do Rio Preto,São José do Rio Preto,23.5,B,244,18.33,1.27,36.56,0.12,66.39,6,9,7,4,1,1.02,59000,25370.0,2300,10401.0,0.78,43.28,342.24,-20.82,-49.5
3535705,Ocauçu,Marília,Marília,23.5,B,244,8.08,0.32,29.36,0.0,88.71,0,1,0,0,0,0.0,5000,2000.0,1250,7304.1,0.78,69.26,297.9,-22.47,-49.93
3505708,Barão de Antonina,Itapetininga,Itapeva,23.4,B,249,7.77,9.28,19.01,0.0,88.71,0,0,0,0,0,0.0,4096,1638.4,1200,3736.5,0.74,24.15,238.34,-23.65,-49.25
3520301,Ibirarema,Assis,Assis,23.4,B,249,8.08,0.0,29.17,0.01,88.71,0,2,1,0,0,0.0,5000,2000.0,1250,4376.1,0.8,62.22,307.1,-22.82,-50.06
3510203,Cândido Rodrigues,São José do Rio Preto,São José do Rio Preto,23.4,B,249,7.43,6.58,22.42,0.01,88.71,0,3,0,1,0,0.0,4600,1840.0,1200,4857.3,0.76,35.98,256.26,-21.13,-48.65
3533403,Morro Agudo,Ribeirão Preto,Barretos,23.4,B,249,16.15,6.76,30.73,0.03,68.62,3,2,0,0,0,0.94,32000,13440.0,2000,5024.8,0.76,36.4,262.71,-20.73,-48.06
3500709,Águas de São Pedro,Campinas,Piracicaba,23.4,B,249,23.8,35.61,44.13,0.01,7.91,1,0,1,0,0,3.35,2987,1194.8,3500,4162.2,0.74,34.85,90.26,-22.59,-47.87
3512209,Colômbia,Ribeirão Preto,Barretos,23.3,B,254,10.42,0.0,26.26,0.01,88.71,0,1,0,3,0,0.0,8000,3280.0,1500,7141.8,0.77,36.3,347.77,-20.17,-48.69
3530300,Marília,Marília,Marília,23.2,B,255,22.45,1.96,45.8,0.57,47.69,36,37,26,11,3,1.45,249000,109560.0,2700,4116.7,0.8,75.89,306.81,-22.21,-49.95
3534500,Nova Aliança,São José do Rio Preto,São José do Rio Preto,23.2,B,255,8.08,0.0,28.3,0.0,88.71,0,0,0,0,0,0.0,5000,2000.0,1250,6291.0,0.76,71.02,334.87,-20.89,-49.48
3531902,Mococa,Campinas,São João da Boa Vista,23.2,B,255,19.22,23.17,37.49,0.18,35.17,13,13,5,5,3,1.76,74000,31820.0,2400,9330.9,0.77,47.56,160.64,-21.46,-47.02
3537008,Ouro Verde,Presidente Prudente,Dracena,23.2,B,255,9.23,0.0,26.83,0.01,88.71,0,1,1,0,1,0.0,6000,2400.0,1350,5232.2,0.79,43.52,504.2,-21.49,-51.71
3557600,Timburi,Assis,Ourinhos,23.1,B,259,5.87,6.02,23.32,0.0,88.71,0,0,0,0,0,0.0,3500,1400.0,1100,6398.4,0.72,60.86,259.99,-23.22,-49.58
3552106,São José do Rio Preto,São José do Rio Preto,São José do Rio Preto,23.1,B,259,24.67,2.16,41.83,1.07,48.27,71,67,45,24,10,1.44,494654,217647.76,2900,5883.1,0.79,35.78,333.85,-20.81,-49.38
3518602,Guarantã,Araçatuba,Lins,23.1,B,259,9.76,2.45,23.2,0.0,88.71,0,1,0,1,0,0.0,7000,2800.0,1400,4415.4,0.75,34.0,283.74,-21.91,-49.6
3530805,Mendonça,São José do Rio Preto,Catanduva,23.0,B,262,6.82,5.67,22.35,0.0,88.71,0,2,0,0,0,0.0,4000,1600.0,1150,5064.2,0.77,36.0,262.34,-21.33,-48.96
3537701,Paraguaçu Paulista,Assis,Assis,23.0,B,262,16.9,1.41,38.84,0.08,62.93,5,9,2,4,0,1.14,44000,18480.0,2100,9901.0,0.8,64.01,366.1,-22.41,-50.59
3511003,Casa Branca,Campinas,São João da Boa Vista,23.0,B,262,15.98,28.25,31.04,0.09,38.8,5,3,5,4,2,1.67,30000,12600.0,2000,5663.1,0.77,36.32,125.86,-21.77,-47.07
3502408,Andradina,Araçatuba,Andradina,23.0,B,262,16.9,0.43,27.65,0.06,76.61,2,9,3,2,0,0.35,57032,23953.44,2000,7550.7,0.74,20.73,499.02,-20.89,-51.38
3521309,Ilha Solteira,Araçatuba,Andradina,22.9,B,266,15.65,0.98,32.43,0.03,71.75,2,3,1,1,1,0.8,25000,10500.0,2200,4804.2,0.77,30.22,521.46,-20.43,-51.35
3521507,Indiana,Presidente Prudente,Presidente Prudente,22.9,B,266,8.08,0.0,26.53,0.0,88.71,0,1,0,1,0,0.0,5000,2000.0,1250,5335.0,0.78,51.16,482.56,-22.19,-51.7
3550902,Santópolis do Aguapeí,Araçatuba,Araçatuba,22.8,B,268,8.08,0.0,26.1,0.02,88.71,0,2,3,0,0,0.0,5000,2000.0,1250,5158.3,0.78,49.7,401.34,-21.47,-50.64
3512407,Conchas,Bauru,Botucatu,22.8,B,268,13.7,32.37,31.71,0.05,35.17,3,6,2,1,0,1.76,17000,6970.0,1750,4649.3,0.78,52.72,99.11,-23.0,-48.02
3547502,Sales,São José do Rio Preto,São José do Rio Preto,22.8,B,268,9.23,0.09,24.76,0.0,88.71,0,0,0,0,0,0.0,6000,2400.0,1350,7744.4,0.74,46.68,299.38,-21.33,-49.42
3557501,Tietê,Macro Metropolitana Paulista,Sorocaba,22.8,B,268,16.71,37.03,32.45,0.09,24.38,8,3,2,1,2,2.11,38000,15960.0,2100,4556.9,0.72,55.61,71.13,-23.09,-47.72
3529807,Manduri,Itapetininga,Avaré,22.8,B,268,11.99,11.42,28.55,0.01,67.13,1,1,0,1,0,1.0,10000,4100.0,1650,8733.3,0.76,43.99,232.18,-23.0,-49.33
3530003,Maracaí,Assis,Assis,22.7,B,273,13.69,0.76,31.62,0.03,74.05,1,3,2,2,0,0.62,16000,6560.0,1750,4153.8,0.83,33.78,372.26,-22.62,-50.68
3532801,Monte Aprazível,São José do Rio Preto,São José do Rio Preto,22.7,B,273,14.68,0.55,28.97,0.03,76.11,1,2,2,1,0,0.45,22000,9240.0,1850,6750.4,0.78,28.37,364.37,-20.76,-49.73
3538907,Paulistânia,Bauru,Bauru,22.7,B,273,5.03,5.72,22.8,0.01,88.71,0,0,1,0,0,0.0,3000,1200.0,1050,3538.3,0.74,56.5,261.96,-22.52,-49.58
3537503,Palmital,Assis,Assis,22.7,B,273,14.68,0.55,28.9,0.03,76.11,1,4,2,1,1,0.45,22000,9240.0,1850,4949.1,0.75,38.04,326.15,-22.79,-50.24
3546900,Rosana,Presidente Prudente,Presidente Prudente,22.6,B,277,14.68,0.55,28.41,0.03,76.11,1,5,2,0,0,0.45,22000,9240.0,1850,6590.7,0.73,41.03,618.16,-22.58,-53.08
3545308,Ribeira,Itapetininga,Capão Bonito,22.6,B,277,5.87,3.27,23.98,0.0,88.71,0,1,0,0,0,0.0,3500,1400.0,1100,5542.2,0.78,45.91,278.26,-24.66,-49.01
3511201,Castilho,Araçatuba,Andradina,22.6,B,277,14.01,1.28,37.19,0.04,66.14,2,2,2,2,1,1.05,19000,7790.0,1800,8118.2,0.82,65.58,510.1,-20.86,-51.49
3551306,São Francisco,São José do Rio Preto,Jales,22.6,B,277,5.87,0.0,27.56,0.0,88.71,0,0,0,0,0,0.0,3500,1400.0,1100,9116.8,0.79,61.26,475.4,-20.15,-50.58
3518701,Guararapes,Araçatuba,Araçatuba,22.6,B,277,16.15,1.49,39.79,0.07,60.21,4,4,4,2,1,1.21,33000,13860.0,2000,5882.2,0.85,62.02,411.4,-21.25,-50.63
3503406,Aramina,Ribeirão Preto,Ituverava,22.6,B,277,9.68,0.0,23.55,0.0,88.71,0,2,0,0,0,0.0,5527,2210.8,1400,6294.2,0.73,40.31,323.17,-20.08,-47.8
3522505,Irapuã,São José do Rio Preto,São José do Rio Preto,22.6,B,277,10.42,0.0,22.54,0.01,88.71,0,1,1,1,0,0.0,8000,3280.0,1500,8158.8,0.72,29.71,302.5,-21.27,-49.41
3542503,Populina,São José do Rio Preto,Jales,22.6,B,277,8.08,0.0,25.1,0.01,88.71,0,0,1,1,0,0.0,5000,2000.0,1250,8640.6,0.77,42.74,479.08,-19.96,-50.44
3560703,Zacarias,São José do Rio Preto,Votuporanga,22.5,B,285,5.87,0.0,27.19,0.0,88.71,0,0,0,1,0,0.0,3500,1400.0,1100,5415.5,0.78,64.89,376.89,-20.92,-50.02
3528601,Lucianópolis,Bauru,Bauru,22.5,B,285,5.03,5.4,21.86,0.01,88.71,0,1,1,0,0,0.0,3000,1200.0,1050,6355.6,0.72,57.47,264.08,-22.28,-49.54
3504008,Arealva,Bauru,Bauru,22.5,B,285,10.42,14.32,30.79,0.02,61.12,1,2,1,0,0,1.19,8427,3370.8,1450,7262.7,0.79,61.48,214.43,-22.04,-48.93
3503109,Araçariguama,Macro Metropolitana Paulista,Sorocaba,22.4,B,288,15.6,39.11,36.61,0.06,16.31,4,5,2,0,1,2.55,15668,6580.56,2300,8253.3,0.78,44.03,60.71,-23.45,-47.07
3520608,Icém,São José do Rio Preto,São José do Rio Preto,22.4,B,288,10.42,0.0,21.62,0.02,88.71,0,1,3,0,0,0.0,8000,3280.0,1500,4101.3,0.72,28.61,359.15,-20.35,-49.18
3519808,Iacanga,Bauru,Bauru,22.4,B,288,11.38,11.61,29.11,0.01,64.42,1,3,0,0,0,1.11,9000,3690.0,1600,8742.5,0.73,62.8,231.81,-21.89,-49.03
3535309,Nova Luzitânia,Araçatuba,Araçatuba,22.4,B,288,7.13,0.0,25.46,0.0,88.71,0,0,0,0,0,0.0,4500,1800.0,1200,5225.3,0.71,75.31,406.76,-20.83,-50.3
3547106,Rubiácea,Araçatuba,Araçatuba,22.4,B,288,5.03,0.0,27.51,0.0,88.71,0,0,0,0,0,0.0,3000,1200.0,1050,6918.8,0.79,64.33,393.81,-21.31,-50.47
3537602,Panorama,Presidente Prudente,Dracena,22.3,B,293,14.01,1.35,37.39,0.03,64.42,2,1,1,1,0,1.11,18000,7380.0,1800,12645.7,0.79,76.18,525.09,-21.33,-51.87
3502101,Américo de Campos,São José do Rio Preto,Votuporanga,22.3,B,293,7.47,0.0,24.1,0.0,88.71,0,2,0,0,0,0.0,4574,1829.6,1150,6465.0,0.81,31.46,395.5,-20.34,-49.71
3555307,Tabatinga,Araraquara,Araraquara,22.3,B,293,13.69,14.6,31.76,0.02,54.28,2,0,0,0,0,1.33,15000,6150.0,1750,7200.5,0.77,55.69,213.72,-21.72,-48.7
3547809,Salmourão,Presidente Prudente,Dracena,22.3,B,293,9.23,0.0,22.6,0.02,88.71,0,2,1,2,0,0.0,6500,2600.0,1350,4451.8,0.77,25.34,432.53,-21.62,-51.03
3532702,Monte Alto,Araraquara,Araraquara,22.3,B,293,17.07,11.8,37.72,0.1,46.62,7,7,4,3,1,1.49,47000,19740.0,2100,8838.4,0.78,65.84,233.83,-21.28,-48.5
3536109,Oriente,Marília,Marília,22.3,B,293,8.08,0.0,23.5,0.01,88.71,0,0,1,0,0,0.0,5000,2000.0,1250,4668.0,0.71,59.04,323.28,-22.14,-50.1
3521903,Iperó,Macro Metropolitana Paulista,Sorocaba,22.3,B,293,15.98,35.59,29.94,0.09,27.35,6,6,3,2,0,2.0,30000,12600.0,2100,3403.4,0.78,18.5,79.8,-23.34,-47.68
3525201,Jaboticabal,Ribeirão Preto,Jaboticabal,22.3,B,293,19.39,13.38,44.7,0.18,34.18,14,18,3,3,2,1.79,78000,33540.0,2400,11098.4,0.82,71.83,225.98,-21.25,-48.34
3556503,Taquaritinga,Araraquara,Araraquara,22.2,B,301,18.31,13.54,45.08,0.17,34.18,10,10,9,5,2,1.79,56000,24080.0,2300,8868.7,0.82,84.1,224.8,-21.4,-48.51
3508504,Cafelândia,Araçatuba,Lins,22.2,B,301,14.01,2.8,36.48,0.03,62.6,2,5,1,0,1,1.15,17400,7308.0,1850,6473.5,0.8,67.25,290.72,-21.79,-49.62
3515301,Embaúba,São José do Rio Preto,São José do Rio Preto,22.2,B,301,4.19,2.1,25.0,0.0,88.71,0,1,0,0,0,0.0,2500,1000.0,1000,8082.2,0.78,56.44,286.06,-21.05,-48.98
3527108,Juquiá,Vale do Ribeira / Litoral Sul,Registro,22.1,B,304,13.49,21.55,30.91,0.04,45.96,3,2,2,1,0,1.5,20000,8200.0,1700,7645.7,0.76,53.84,168.96,-24.32,-47.65
3550407,Santo Antônio de Posse,Campinas,Campinas,22.1,B,304,15.0,43.98,34.74,0.08,11.53,8,1,1,2,0,3.2,25000,10500.0,1900,9850.5,0.75,70.76,33.73,-22.63,-46.92
3547205,Rubinéia,São José do Rio Preto,Jales,22.1,B,304,5.87,0.0,25.11,0.0,88.71,0,0,0,0,0,0.0,3500,1400.0,1100,7444.0,0.77,53.43,525.42,-19.96,-51.03
3518206,Guará,Ribeirão Preto,Ituverava,22.1,B,304,14.69,2.83,28.0,0.03,70.76,2,6,0,1,0,0.87,23000,9660.0,1850,5547.2,0.77,23.55,288.27,-20.42,-47.85
3553807,Sebastianópolis do Sul,São José do Rio Preto,Votuporanga,22.1,B,304,6.82,0.0,24.08,0.0,88.71,0,0,0,0,1,0.0,4000,1600.0,1150,6195.2,0.74,57.28,391.69,-20.65,-49.97
3536802,Ourinhos,Assis,Ourinhos,22.0,C,309,20.69,3.54,36.45,0.21,52.14,16,10,7,6,1,1.38,116000,51040.0,2500,7454.3,0.77,34.34,288.2,-22.97,-49.87
3538105,Paranapuã,São José do Rio Preto,Jales,22.0,C,309,8.08,0.0,22.06,0.0,88.71,0,1,0,1,0,0.0,5000,2000.0,1250,5781.9,0.76,31.1,482.79,-20.09,-50.62
3528908,Lupércio,Marília,Marília,22.0,C,309,8.08,0.98,21.11,0.0,88.71,0,1,0,0,0,0.0,5000,2000.0,1250,6070.7,0.7,46.54,293.5,-22.32,-49.85
3521705,Inúbia Paulista,Presidente Prudente,Dracena,22.0,C,309,5.87,0.0,24.41,0.0,88.71,0,1,0,1,0,0.0,3500,1400.0,1100,4591.0,0.81,37.69,453.52,-21.69,-51.27
3557303,Teodoro Sampaio,Presidente Prudente,Presidente Prudente,22.0,C,309,14.69,1.06,29.6,0.04,70.76,2,3,2,1,0,0.87,23000,9660.0,1850,6193.0,0.75,41.03,524.57,-22.54,-52.16
3548302,Sandovalina,Presidente Prudente,Presidente Prudente,21.9,C,314,8.08,0.0,21.48,0.0,88.71,0,1,0,0,0,0.0,5000,2000.0,1250,4851.1,0.72,41.62,508.03,-22.48,-51.99
3517208,Gastão Vidigal,São José do Rio Preto,Votuporanga,21.9,C,314,7.13,0.0,22.67,0.0,88.71,0,0,0,0,0,0.0,4500,1800.0,1200,5850.6,0.73,48.27,425.16,-20.54,-50.3
3536703,Osvaldo Cruz,Presidente Prudente,Adamantina,21.8,C,316,16.15,1.53,37.88,0.05,57.91,4,3,1,3,1,1.25,32000,13440.0,2000,8487.1,0.86,42.29,410.66,-21.81,-50.87
3533502,Morungaba,Macro Metropolitana Paulista,Bragança Paulista,21.8,C,316,13.14,43.86,27.15,0.03,20.92,3,1,1,0,1,2.31,13000,5330.0,1700,6735.2,0.75,35.75,27.18,-22.87,-46.8
3526308,Jeriquara,Ribeirão Preto,Franca,21.8,C,316,6.82,1.17,21.25,0.0,88.71,0,1,0,0,0,0.0,4000,1600.0,1150,7413.0,0.75,33.25,292.2,-20.32,-47.59
3536000,Onda Verde,São José do Rio Preto,São José do Rio Preto,21.8,C,316,5.87,0.0,23.48,0.0,88.71,0,1,0,1,0,0.0,3500,1400.0,1100,9594.3,0.73,57.06,345.05,-20.61,-49.31
3537404,Palmeira d'Oeste,São José do Rio Preto,Jales,21.8,C,316,12.83,1.01,30.05,0.03,71.33,1,4,1,1,0,0.83,12000,4920.0,1700,5216.2,0.81,33.58,473.6,-20.4,-50.76
3509007,Cajati,Vale do Ribeira / Litoral Sul,Registro,21.8,C,316,15.01,12.0,38.22,0.05,45.96,4,6,1,1,0,1.5,26680,11205.6,1800,8840.7,0.81,77.34,232.46,-24.75,-48.14
3522802,Itaí,Itapetininga,Avaré,21.7,C,322,14.69,14.47,27.01,0.06,55.44,3,8,3,1,0,1.3,23000,9660.0,1900,3423.7,0.75,26.53,214.39,-23.42,-49.08
3560406,Vitória Brasil,São José do Rio Preto,Jales,21.7,C,322,4.19,0.0,25.16,0.0,88.71,0,0,0,1,0,0.0,2500,1000.0,1000,6710.7,0.73,76.8,503.87,-20.08,-50.87
3516309,Floreal,São José do Rio Preto,Votuporanga,21.7,C,322,5.87,0.0,23.17,0.0,88.71,0,1,0,0,0,0.0,3500,1400.0,1100,9426.1,0.72,60.97,405.61,-20.65,-50.15
3534104,Nazaré Paulista,Macro Metropolitana Paulista,Bragança Paulista,21.7,C,322,13.71,36.72,32.29,0.07,22.73,4,4,4,1,0,2.22,18000,7380.0,1750,4967.3,0.75,66.89,73.95,-23.19,-46.41
3513801,Descalvado,Araraquara,São Carlos,21.7,C,322,16.15,28.43,31.4,0.07,31.05,6,1,3,0,1,1.88,32000,13440.0,2000,6166.0,0.78,34.35,126.43,-21.89,-47.62
3529500,Magda,São José do Rio Preto,Votuporanga,21.7,C,322,5.87,0.0,23.15,0.0,88.71,0,1,0,0,0,0.0,3500,1400.0,1100,4228.1,0.75,52.49,413.88,-20.62,-50.23
3500204,Adolfo,São José do Rio Preto,São José do Rio Preto,21.6,C,328,7.48,0.0,21.02,0.0,88.71,0,0,0,0,0,0.0,3414,1365.6,1100,8205.0,0.76,32.43,324.33,-21.23,-49.64
3542800,Porto Ferreira,Araraquara,Araraquara,21.6,C,328,18.32,29.67,35.51,0.16,21.66,13,11,4,3,1,2.24,58000,24940.0,2300,9492.6,0.78,34.67,121.3,-21.88,-47.46
3506102,Barra do Chapéu,Itapetininga,Capão Bonito,21.6,C,328,7.13,4.16,16.52,0.01,88.71,0,1,1,0,0,0.0,4710,1884.0,1200,2369.2,0.7,23.16,272.35,-24.48,-49.11
3543006,Potirendaba,São José do Rio Preto,São José do Rio Preto,21.5,C,331,13.14,0.94,27.72,0.03,72.16,1,1,2,1,0,0.77,13000,5330.0,1700,8309.6,0.76,32.99,316.84,-21.03,-49.38
3559606,Valparaíso,Araçatuba,Araçatuba,21.4,C,332,15.0,1.47,34.64,0.04,60.63,3,3,1,0,0,1.2,25000,10500.0,1900,5620.0,0.83,41.28,435.22,-21.24,-50.88
3554201,Sertãozinho,Ribeirão Preto,Ribeirão Preto,21.4,C,332,21.08,14.42,39.36,0.29,31.55,23,16,8,6,4,1.87,123000,54120.0,2700,9227.7,0.73,54.1,220.08,-21.13,-48.0
3534401,Nipoã,São José do Rio Preto,São José do Rio Preto,21.4,C,332,6.82,0.0,20.74,0.01,88.71,0,0,1,0,0,0.0,4000,1600.0,1150,5162.5,0.77,25.07,379.38,-20.91,-50.04
3546108,Rifaina,Ribeirão Preto,Franca,21.4,C,332,8.08,0.0,19.28,0.01,88.71,0,0,1,0,0,0.0,5000,2000.0,1250,3866.2,0.75,18.68,316.27,-20.08,-47.43
3524105,Itararé,Itapetininga,Itapeva,21.4,C,332,17.65,6.77,37.28,0.13,47.69,8,10,5,6,0,1.45,55000,23650.0,2100,8357.8,0.8,52.63,266.96,-24.1,-49.33
3519006,Guariba,Araraquara,Araraquara,21.4,C,332,16.48,15.83,33.08,0.1,42.5,6,11,3,2,1,1.58,38000,15960.0,2100,8668.1,0.77,39.78,207.76,-21.37,-48.21
3515608,Emilianópolis,Presidente Prudente,Presidente Prudente,21.4,C,332,5.87,0.0,21.81,0.0,88.71,0,0,0,0,0,0.0,3500,1400.0,1100,5445.2,0.76,38.14,440.62,-21.72,-51.15
3529302,Macedônia,São José do Rio Preto,Fernandópolis,21.4,C,332,5.03,0.0,22.78,0.01,88.71,0,0,1,0,0,0.0,3000,1200.0,1050,4398.9,0.77,46.73,443.15,-20.15,-50.15
3535101,Nova Independência,Araçatuba,Andradina,21.4,C,332,7.13,0.0,20.37,0.01,88.71,0,2,1,0,0,0.0,4500,1800.0,1200,4215.3,0.75,27.93,503.79,-21.03,-51.51
3529906,Marabá Paulista,Presidente Prudente,Presidente Prudente,21.4,C,332,8.92,0.0,18.39,0.0,88.71,0,0,0,0,0,0.0,5500,2200.0,1300,4628.3,0.71,24.65,615.97,-22.11,-53.0
3545100,Registro,Vale do Ribeira / Litoral Sul,Registro,21.3,C,342,17.98,18.14,39.24,0.11,30.31,11,9,0,3,1,1.9,58000,24940.0,2200,9775.1,0.79,62.46,195.14,-24.5,-47.85
3536604,Oscar Bressane,Marília,Marília,21.3,C,342,6.82,0.0,19.86,0.0,88.71,0,0,0,1,0,0.0,4000,1600.0,1150,6797.4,0.74,27.9,336.4,-22.37,-50.29
3558202,Tupã,Marília,Tupã,21.3,C,342,18.01,1.78,40.77,0.14,49.34,9,9,5,5,1,1.43,63000,27090.0,2200,8158.5,0.85,53.06,371.32,-21.94,-50.52
3540101,Peruíbe,Vale do Ribeira / Litoral Sul,Registro,21.3,C,342,19.25,24.17,38.99,0.2,21.66,15,12,6,4,2,2.24,67000,28810.0,2500,5873.5,0.79,46.86,157.91,-24.32,-47.0
3528106,Lins,Araçatuba,Lins,21.3,C,342,19.05,1.74,37.32,0.17,51.73,11,5,9,2,1,1.39,79000,33970.0,2200,10434.3,0.84,32.53,306.41,-21.68,-49.73
3523404,Itapeva,Itapetininga,Itapeva,21.3,C,342,19.46,13.99,34.4,0.23,38.8,16,10,10,6,4,1.67,96000,41280.0,2100,6451.7,0.78,46.15,221.07,-23.98,-48.88
3555109,Suzanápolis,Araçatuba,Andradina,21.2,C,348,5.87,0.0,20.84,0.0,88.71,0,0,0,0,0,0.0,3500,1400.0,1100,3558.0,0.74,42.4,489.62,-20.5,-51.03
3551405,São João das Duas Pontes,São José do Rio Preto,Fernandópolis,21.2,C,348,5.03,0.0,21.39,0.0,88.71,0,0,0,0,0,0.0,3000,1200.0,1050,4628.5,0.71,57.53,443.55,-20.4,-50.4
3514007,Dirce Reis,São José do Rio Preto,São José do Rio Preto,21.2,C,348,4.19,0.0,22.69,0.0,88.71,0,0,0,1,0,0.0,2500,1000.0,1000,7253.6,0.78,40.36,461.49,-20.06,-50.31
3542305,Pontalinda,São José do Rio Preto,Jales,21.2,C,348,6.82,0.0,19.68,0.0,88.71,0,0,0,0,0,0.0,4000,1600.0,1150,3544.0,0.72,36.6,459.77,-20.44,-50.63
3515202,Elisiário,São José do Rio Preto,São José do Rio Preto,21.2,C,348,5.87,0.05,20.55,0.0,88.71,0,0,0,0,0,0.0,3500,1400.0,1100,5887.1,0.72,45.29,299.64,-21.03,-49.14
3520202,Ibirá,São José do Rio Preto,São José do Rio Preto,21.2,C,348,13.14,0.94,25.96,0.01,72.16,1,0,1,0,1,0.77,13000,5330.0,1700,5012.5,0.74,32.67,302.47,-21.08,-49.24
3501004,Alfredo Marcondes,Presidente Prudente,Presidente Prudente,21.2,C,348,8.76,0.0,17.38,0.0,88.71,0,0,0,0,0,0.0,3883,1553.2,1200,3622.5,0.72,19.47,418.95,-21.98,-51.01
3560000,Vera Cruz,Marília,Marília,21.1,C,355,11.99,2.24,30.18,0.01,67.13,1,1,0,0,1,1.0,10000,4100.0,1650,6519.6,0.82,32.69,293.16,-22.21,-49.81
3513009,Cosmorama,São José do Rio Preto,Votuporanga,21.1,C,355,8.08,0.0,17.72,0.0,88.71,0,2,0,0,0,0.0,5000,2000.0,1250,5146.3,0.72,16.62,388.9,-20.49,-49.78
3501806,Alvinlândia,Marília,Marília,21.1,C,355,5.6,2.3,17.97,0.0,88.71,0,1,0,0,0,0.0,2890,1156.0,1050,3907.0,0.75,20.69,284.7,-22.42,-49.78
3502903,Aparecida d'Oeste,São José do Rio Preto,Votuporanga,21.1,C,355,5.87,0.0,20.21,0.01,88.71,0,1,1,0,0,0.0,4072,1628.8,1100,4083.1,0.78,23.62,470.85,-20.28,-50.64
3518503,Guarani d'Oeste,São José do Rio Preto,Fernandópolis,21.1,C,355,5.03,0.0,21.16,0.0,88.71,0,1,0,0,0,0.0,2800,1120.0,1050,3793.7,0.75,42.18,464.06,-20.12,-50.4
3534906,Nova Granada,São José do Rio Preto,Votuporanga,21.1,C,355,14.01,1.35,31.13,0.04,64.42,2,0,3,1,0,1.11,18000,7380.0,1800,5325.0,0.77,48.49,350.96,-20.55,-49.32
3538501,Parisi,São José do Rio Preto,Votuporanga,21.1,C,355,4.19,0.0,22.08,0.0,88.71,0,0,0,0,0,0.0,2500,1000.0,1000,4490.0,0.73,60.0,421.18,-20.09,-49.78
3503000,Apiaí,Itapetininga,Capão Bonito,21.0,C,362,12.68,8.28,26.81,0.05,61.61,3,4,2,1,0,1.18,25524,10464.84,1550,6376.4,0.78,33.79,254.54,-24.52,-48.84
3546207,Rincão,Araraquara,Araraquara,21.0,C,362,12.3,20.63,38.46,0.03,33.44,2,2,2,0,0,1.82,11000,4510.0,1650,9215.4,0.83,78.48,177.59,-21.6,-48.05
3507407,Brejo Alegre,Araçatuba,Araçatuba,21.0,C,362,5.03,0.0,20.48,0.0,88.71,0,2,0,0,0,0.0,2866,1146.4,1050,5891.5,0.78,27.04,388.63,-21.23,-50.37
3515103,Elias Fausto,Campinas,Campinas,21.0,C,362,13.69,43.14,26.26,0.04,17.71,4,2,0,0,0,2.5,16000,6560.0,1750,3722.3,0.73,35.96,33.53,-22.95,-47.38
3550001,Santo Anastácio,Presidente Prudente,Presidente Prudente,21.0,C,362,14.03,0.59,21.66,0.03,75.54,1,0,2,2,0,0.48,21000,8610.0,1800,3800.5,0.7,16.25,485.43,-21.98,-51.68
3552601,São Manuel,Bauru,Botucatu,20.9,C,367,16.5,23.79,27.78,0.09,35.67,7,7,2,2,1,1.75,40000,16800.0,2050,3515.3,0.75,18.84,156.22,-22.72,-48.57
3549607,Santa Rita d'Oeste,São José do Rio Preto,Jales,20.9,C,367,5.87,0.0,18.95,0.0,88.71,0,1,0,0,0,0.0,3500,1400.0,1100,5523.8,0.72,34.91,497.94,-20.13,-50.84
3507803,Buritama,São José do Rio Preto,Auriflama,20.8,C,369,14.01,1.37,30.49,0.03,63.26,2,3,1,0,1,1.12,17817,7304.97,1800,4617.1,0.82,24.66,377.22,-21.07,-50.14
3539301,Pedranópolis,São José do Rio Preto,Fernandópolis,20.8,C,369,4.19,0.0,20.49,0.0,88.71,0,0,0,0,0,0.0,2500,1000.0,1000,6198.9,0.78,29.0,428.89,-20.22,-50.04
3533809,Nantes,Assis,Assis,20.8,C,369,6.82,0.0,17.76,0.0,88.71,0,1,0,0,0,0.0,4000,1600.0,1150,3108.5,0.7,33.0,419.37,-22.61,-51.14
3518305,Guaraçaí,Araçatuba,Andradina,20.8,C,369,11.99,1.21,29.76,0.02,67.13,1,2,1,1,0,1.0,10000,4100.0,1650,8445.1,0.77,48.19,474.82,-21.03,-51.2
3531308,Mira Estrela,São José do Rio Preto,Fernandópolis,20.7,C,373,5.03,0.0,19.04,0.0,88.71,0,0,0,1,0,0.0,3000,1200.0,1050,4328.3,0.72,38.37,446.92,-20.08,-50.14
3514403,Dolcinópolis,São José do Rio Preto,Votuporanga,20.7,C,373,4.19,0.0,20.02,0.0,88.71,0,1,0,0,0,0.0,2500,1000.0,1000,2476.9,0.79,24.72,480.38,-20.05,-50.55
3502705,Anhumas,Presidente Prudente,Presidente Prudente,20.7,C,373,6.82,0.0,17.05,0.01,88.71,0,1,1,0,0,0.0,3668,1467.2,1100,3300.2,0.69,35.8,454.91,-22.29,-51.44
3524204,Itariri,Vale do Ribeira / Litoral Sul,Registro,20.7,C,373,13.7,24.39,29.97,0.03,35.17,3,1,0,0,0,1.76,17000,6970.0,1750,5068.9,0.74,55.25,152.15,-24.27,-47.16
3555703,Taiaçu,Ribeirão Preto,Jaboticabal,20.6,C,377,10.42,11.55,30.09,0.02,54.28,1,2,1,0,0,1.33,7500,3000.0,1450,4579.3,0.8,54.44,233.94,-21.2,-48.38
3552007,São José do Rio Pardo,Campinas,São João da Boa Vista,20.6,C,377,17.79,26.12,35.47,0.14,20.92,12,6,4,1,0,2.31,52000,22360.0,2200,7432.2,0.79,42.12,145.45,-21.61,-46.9
3536901,Ouroeste,São José do Rio Preto,Fernandópolis,20.6,C,377,11.38,1.35,31.47,0.02,64.42,1,0,1,2,0,1.11,9000,3690.0,1600,9071.5,0.78,55.13,467.4,-20.04,-50.36
3517406,General Salgado,São José do Rio Preto,Auriflama,20.4,C,380,12.3,1.11,25.25,0.03,69.77,1,1,2,1,0,0.91,11000,4510.0,1650,6402.7,0.77,20.15,423.25,-20.63,-50.35
3550506,Santo Antônio do Aracanguá,Araçatuba,Araçatuba,20.4,C,380,11.99,1.21,27.56,0.02,67.13,1,3,1,0,1,1.0,10000,4100.0,1650,6860.3,0.74,44.29,398.65,-21.16,-50.44
3504305,Ariranha,São José do Rio Preto,Catanduva,20.4,C,380,11.37,7.22,29.76,0.01,57.91,1,1,0,0,0,1.25,8006,3282.46,1600,6250.9,0.82,34.32,262.07,-21.18,-48.79
3558400,Turiúba,Araçatuba,Araçatuba,20.4,C,380,5.87,0.0,16.53,0.0,88.71,0,0,0,0,0,0.0,3500,1400.0,1100,6259.3,0.68,33.57,400.24,-21.16,-50.46
3530508,Martinópolis,Presidente Prudente,Presidente Prudente,20.4,C,380,15.0,1.53,31.94,0.06,57.91,3,3,4,0,0,1.25,24000,10080.0,1900,3309.7,0.83,27.48,432.74,-22.14,-51.19
3524501,Itirapina,Araraquara,Araraquara,20.3,C,385,13.71,31.75,30.72,0.05,22.73,4,3,2,1,0,2.22,18000,7380.0,1800,5301.9,0.77,45.83,106.95,-22.24,-47.82
3510500,Capela do Alto,Macro Metropolitana Paulista,Sorocaba,20.3,C,385,13.7,34.1,31.14,0.05,19.28,4,4,1,2,0,2.44,16400,6724.0,1750,5584.7,0.8,39.74,93.12,-23.46,-47.74
3559200,Uru,Araçatuba,Lins,20.3,C,385,0.0,6.1,16.05,0.0,88.71,0,0,0,0,0,0.0,1200,444.0,580,4120.0,0.76,36.0,259.43,-21.78,-49.27
3503901,Arco-Íris,Marília,Marília,20.3,C,385,4.42,0.0,17.72,0.0,88.71,0,0,0,0,0,0.0,3128,1251.2,1050,6531.3,0.74,22.44,370.35,-21.78,-50.45
3520103,Ibaté,Araraquara,São Carlos,20.3,C,385,16.7,26.71,37.61,0.12,17.71,9,5,4,3,0,2.5,36000,15120.0,2100,6753.1,0.81,54.69,142.94,-21.95,-47.99
3529005,Lutécia,Assis,Assis,20.2,C,390,5.03,0.0,16.56,0.0,88.71,0,0,0,0,0,0.0,3000,1200.0,1050,5671.4,0.7,28.73,347.63,-22.84,-50.45
3535507,Novo Horizonte,Araçatuba,Lins,20.2,C,390,16.48,5.99,39.34,0.08,41.27,6,4,2,4,1,1.62,37000,15540.0,2000,8248.8,0.79,76.92,273.42,-21.46,-49.21
3530201,Mariápolis,Presidente Prudente,Adamantina,20.2,C,390,5.87,0.0,15.87,0.0,88.71,0,1,0,0,0,0.0,3500,1400.0,1100,3337.2,0.71,20.8,439.35,-21.79,-51.16
3540705,Pinhalzinho,Macro Metropolitana Paulista,Bragança Paulista,20.2,C,390,13.69,40.81,26.78,0.05,15.4,4,1,2,2,0,2.67,15000,6150.0,1750,3722.1,0.78,19.7,50.36,-23.03,-46.59
3538709,Paulicéia,Presidente Prudente,Dracena,20.1,C,394,10.42,1.52,35.65,0.01,57.91,1,1,0,0,0,1.25,8000,3280.0,1500,14910.4,0.8,76.9,522.36,-21.33,-51.84
3538303,Pardinho,Bauru,Botucatu,20.1,C,394,9.23,26.84,26.13,0.02,38.8,1,1,1,0,0,1.67,6000,2400.0,1350,7188.7,0.78,40.68,135.1,-23.09,-48.37
3559002,União Paulista,Presidente Prudente,Dracena,20.1,C,394,4.19,0.0,16.82,0.0,88.71,0,0,0,0,0,0.0,2500,1000.0,1000,8567.1,0.7,34.56,487.8,-21.56,-51.57
3543105,Pracinha,Presidente Prudente,Dracena,20.0,C,397,4.19,0.0,16.51,0.0,88.71,0,1,0,0,0,0.0,2500,1000.0,1000,6301.2,0.75,12.32,477.37,-21.72,-51.52
3560604,Votuporanga,São José do Rio Preto,Votuporanga,19.8,C,398,19.79,1.88,33.47,0.23,46.62,14,22,9,6,2,1.49,94000,40420.0,2300,4528.6,0.78,26.74,409.9,-20.42,-49.99
3512506,Cordeirópolis,Campinas,Limeira,19.8,C,398,14.69,39.92,31.55,0.08,7.41,8,1,2,1,1,3.48,23000,9660.0,1900,6513.3,0.75,53.11,62.93,-22.47,-47.45
3539004,Paulo de Faria,São José do Rio Preto,São José do Rio Preto,19.8,C,398,11.99,1.21,24.56,0.02,67.13,1,1,2,0,1,1.0,10000,4100.0,1650,4926.5,0.74,26.96,402.48,-20.01,-49.4
3529104,Macatuba,Bauru,Bauru,19.7,C,401,13.69,21.32,32.07,0.03,31.05,3,3,0,0,0,1.88,16000,6560.0,1750,7282.1,0.78,53.38,173.55,-22.53,-48.7
3543709,Presidente Epitácio,Presidente Prudente,Presidente Prudente,19.6,C,402,16.51,2.01,40.92,0.09,40.94,7,7,3,1,1,1.63,43000,18060.0,2000,6786.2,0.8,88.06,533.98,-21.76,-52.1
3541505,Piratininga,Bauru,Bauru,19.6,C,402,13.69,14.46,42.32,0.04,27.35,3,5,1,0,1,2.0,15000,6150.0,1750,17466.6,0.89,67.85,220.12,-22.41,-49.14
3500808,Agudos,Bauru,Bauru,19.6,C,402,16.45,16.76,34.31,0.08,29.9,7,3,2,1,0,1.91,36682,15406.44,2000,6602.9,0.78,49.72,204.21,-22.47,-48.99
3534203,Neves Paulista,São José do Rio Preto,São José do Rio Preto,19.5,C,405,10.42,1.52,32.87,0.01,57.91,1,0,0,1,0,1.25,8000,3280.0,1500,7969.3,0.82,57.94,352.6,-20.84,-49.65
3521101,Iguape,Vale do Ribeira / Litoral Sul,Registro,19.3,C,406,15.83,16.1,28.73,0.07,36.24,5,7,1,2,1,1.72,29000,12180.0,1900,7287.7,0.74,34.92,207.02,-24.71,-47.56
3524600,Itirapuã,Ribeirão Preto,Franca,19.3,C,406,10.42,8.87,23.5,0.02,57.91,1,2,1,2,0,1.25,8000,3280.0,1500,3098.1,0.77,22.51,251.15,-20.65,-47.23
3553005,São Pedro do Turvo,Assis,Ourinhos,19.3,C,406,10.42,5.32,30.87,0.01,54.28,1,2,0,0,1,1.33,7500,3000.0,1450,6742.5,0.81,54.8,275.36,-22.75,-49.74
3529203,Macaubal,São José do Rio Preto,Votuporanga,19.2,C,409,11.38,1.35,24.73,0.03,64.42,1,2,2,0,0,1.11,9000,3690.0,1600,4152.1,0.74,34.79,383.22,-20.75,-49.95
3543600,Presidente Bernardes,Presidente Prudente,Presidente Prudente,19.2,C,409,13.69,1.62,30.72,0.03,54.28,2,1,1,0,1,1.33,15000,6150.0,1750,9069.3,0.81,31.49,472.38,-22.0,-51.55
3518404,Guaraci,São José do Rio Preto,Catanduva,19.2,C,409,10.42,3.95,28.75,0.01,57.91,1,0,1,0,0,1.25,8000,3280.0,1500,4832.2,0.79,45.64,283.85,-21.02,-48.92
3518107,Guapiara,Itapetininga,Capão Bonito,19.2,C,409,12.94,15.92,29.16,0.04,38.8,3,3,1,1,0,1.67,18000,7380.0,1600,4832.9,0.82,32.14,207.73,-24.21,-48.52
3531001,Mesópolis,Presidente Prudente,Dracena,19.2,C,409,4.19,0.0,12.38,0.0,88.71,0,1,0,0,0,0.0,2200,880.0,1000,4899.8,0.67,18.36,529.82,-21.25,-51.88
3514700,Duartina,Bauru,Bauru,19.1,C,414,12.83,10.18,35.27,0.03,38.8,2,1,1,0,1,1.67,12000,4920.0,1700,7811.1,0.82,62.74,245.82,-22.4,-49.39
3539103,Pederneiras,Bauru,Bauru,19.1,C,414,16.9,19.62,32.51,0.12,25.29,9,3,5,2,0,2.05,44000,18480.0,2100,3872.2,0.8,29.71,186.44,-22.35,-48.78
3555604,Taguaí,Assis,Ourinhos,19.1,C,414,13.14,10.01,30.62,0.03,44.23,2,1,2,1,0,1.54,13000,5330.0,1700,5634.6,0.81,36.15,245.92,-23.47,-49.39
3536307,Orlândia,Ribeirão Preto,Franca,19.0,C,417,16.5,8.61,35.42,0.09,35.67,7,4,4,0,1,1.75,40000,16800.0,2100,6274.2,0.82,38.69,257.14,-20.72,-47.88
3506201,Barra do Turvo,Vale do Ribeira / Litoral Sul,Registro,19.0,C,417,9.54,8.68,21.71,0.01,59.72,1,0,1,0,0,1.22,8189,3275.6,1350,3308.8,0.74,32.89,252.16,-24.75,-48.51
3558301,Tupi Paulista,Presidente Prudente,Dracena,19.0,C,417,13.69,1.62,29.75,0.05,54.28,2,0,4,1,1,1.33,15000,6150.0,1750,9181.9,0.77,41.26,495.72,-21.4,-51.59
3526803,Jumirim,Itapetininga,Tatuí,19.0,C,417,8.08,38.33,19.12,0.01,27.35,1,0,0,0,2,2.0,5000,2000.0,1250,2399.3,0.69,40.06,61.36,-23.18,-47.58
3527603,Lavrinhas,Vale do Paraíba Paulista,Guaratinguetá,19.0,C,417,9.76,13.19,25.63,0.01,49.34,1,0,0,1,0,1.43,7000,2800.0,1400,4570.0,0.78,35.36,223.89,-22.59,-44.9
3505500,Bálsamo,São José do Rio Preto,São José do Rio Preto,18.9,C,422,11.07,1.48,27.33,0.02,59.72,1,0,1,1,0,1.22,8228,3373.48,1600,8947.5,0.75,40.35,355.95,-20.73,-49.59
3514106,Divinolândia,Campinas,São João da Boa Vista,18.9,C,422,13.14,26.76,31.8,0.02,20.92,3,0,0,0,1,2.31,13000,5330.0,1700,7667.5,0.76,62.31,140.86,-21.68,-46.74
3545902,Ribeirão Grande,Itapetininga,Capão Bonito,18.8,C,424,9.23,18.94,23.16,0.01,44.23,1,1,0,1,0,1.54,6500,2600.0,1350,7746.5,0.72,43.23,186.51,-24.1,-48.35
3542206,Pontal,Ribeirão Preto,Ribeirão Preto,18.8,C,424,16.71,12.5,32.29,0.1,32.7,7,7,2,5,1,1.84,38000,15960.0,2100,6186.2,0.79,29.63,231.95,-21.03,-48.04
3535903,Olímpia,São José do Rio Preto,São José do Rio Preto,18.7,C,426,18.15,2.04,34.86,0.11,40.53,9,5,2,7,1,1.64,55000,23650.0,2300,4195.1,0.8,27.96,308.53,-20.72,-48.91
3509304,Campina do Monte Alegre,Itapetininga,Itapeva,18.6,C,427,8.92,25.32,24.17,0.01,34.76,1,1,0,0,0,1.77,5636,2254.4,1300,7319.9,0.79,28.53,145.96,-23.58,-48.28
3513504,Cruzeiro,Vale do Paraíba Paulista,Guaratinguetá,18.6,C,427,19.41,15.0,32.77,0.22,24.55,17,10,8,4,1,2.1,81000,34830.0,2400,6502.0,0.74,30.7,217.87,-22.58,-44.97
3522703,Itaberá,Itapetininga,Itapeva,18.6,C,427,13.71,11.03,31.13,0.05,38.8,3,4,2,1,0,1.67,18000,7380.0,1750,5138.7,0.78,48.48,240.21,-23.87,-49.16
3502309,Analândia,Araraquara,São Carlos,18.6,C,427,11.28,31.81,23.75,0.01,23.89,1,0,0,1,0,2.19,4568,1872.88,1600,4352.0,0.72,32.84,106.22,-22.13,-47.66
3506409,Barrinha,Ribeirão Preto,Jaboticabal,18.6,C,427,15.99,14.17,33.34,0.09,29.41,6,7,3,1,0,1.97,30523,12819.66,1950,6706.1,0.81,37.04,221.89,-21.19,-48.17
3519303,Guatapará,Ribeirão Preto,Ribeirão Preto,18.5,C,432,11.99,19.8,32.94,0.03,27.35,2,1,1,0,0,2.0,10000,4100.0,1650,6960.3,0.83,44.45,184.55,-21.5,-48.02
3543907,Presidente Venceslau,Presidente Prudente,Presidente Prudente,18.5,C,432,16.48,1.99,35.16,0.12,41.27,6,7,7,4,0,1.62,37000,15540.0,2000,4625.0,0.8,50.06,505.64,-21.87,-51.85
3524402,Itatinga,Bauru,Botucatu,18.4,C,434,13.7,23.91,32.14,0.05,20.35,4,4,1,1,0,2.35,17000,6970.0,1750,5526.0,0.81,42.0,160.12,-23.12,-48.61
3521002,Igaratá,Vale do Paraíba Paulista,São José dos Campos,18.3,C,435,11.38,34.55,32.09,0.03,9.56,3,1,0,2,1,3.33,9000,3690.0,1600,10243.5,0.81,49.62,97.26,-23.2,-46.17
3542909,Potim,Vale do Paraíba Paulista,Guaratinguetá,18.3,C,435,15.0,20.66,34.35,0.07,19.85,6,5,2,1,1,2.4,25000,10500.0,1900,7680.8,0.77,60.99,182.21,-22.83,-45.28
3507605,Brotas,Araraquara,Araraquara,18.3,C,435,14.69,29.21,31.99,0.07,12.19,7,3,1,2,0,3.01,23232,9757.44,1900,4949.1,0.78,45.85,130.36,-22.27,-48.13
3555802,Taiúva,Ribeirão Preto,Jaboticabal,18.2,C,438,9.23,10.63,29.45,0.02,44.23,1,3,1,0,0,1.54,6500,2600.0,1350,8551.7,0.75,70.91,241.74,-21.15,-48.44
3558103,Tuiuti,Macro Metropolitana Paulista,Bragança Paulista,18.2,C,438,9.23,42.05,25.4,0.02,9.56,2,1,0,0,0,3.33,6000,2400.0,1350,7372.3,0.73,53.85,47.33,-22.89,-46.6
3541604,Pitangueiras,Ribeirão Preto,Jaboticabal,18.1,C,440,16.47,10.7,35.84,0.11,27.35,7,12,4,2,0,2.0,35000,14700.0,2000,5319.5,0.82,45.02,245.22,-20.99,-48.24
3549805,Santa Rosa de Viterbo,Ribeirão Preto,Batatais,18.1,C,440,15.0,24.05,29.29,0.07,19.85,6,6,2,0,0,2.4,25000,10500.0,1900,6214.0,0.76,34.14,159.65,-21.5,-47.36
3516408,Flórida Paulista,Presidente Prudente,Dracena,18.1,C,440,13.15,1.74,30.11,0.02,49.34,2,1,0,1,0,1.43,14000,5740.0,1700,6352.6,0.81,32.58,451.09,-21.59,-51.21
3528502,Lucélia,Presidente Prudente,Adamantina,18.0,C,443,14.02,1.83,31.66,0.04,45.96,3,1,1,1,1,1.5,20000,8200.0,1800,5831.9,0.82,33.38,427.46,-21.73,-51.02
3500600,Águas de Santa Bárbara,Itapetininga,Avaré,17.9,C,444,9.8,13.5,26.4,0.01,42.01,1,1,0,0,0,1.6,6241,2558.81,1450,5188.7,0.78,36.53,223.2,-22.87,-49.24
3540804,Piquete,Vale do Paraíba Paulista,Guaratinguetá,17.9,C,444,13.69,17.83,30.05,0.04,27.35,3,1,1,1,0,2.0,15000,6150.0,1750,6466.4,0.78,41.87,197.7,-22.61,-45.16
3500105,Adamantina,Presidente Prudente,Adamantina,17.8,C,446,15.12,2.11,37.7,0.07,36.24,6,6,1,1,1,1.72,34830,14628.6,1850,9695.2,0.81,69.1,435.63,-21.68,-51.08
3559309,Urupês,São José do Rio Preto,Catanduva,17.7,C,447,13.14,2.11,32.07,0.02,44.23,2,0,1,0,0,1.54,13000,5330.0,1700,12814.5,0.79,46.65,298.42,-21.19,-49.29
3531209,Mineiros do Tietê,Bauru,Jaú,17.5,C,448,12.83,25.14,29.78,0.03,17.71,3,1,0,1,0,2.5,12000,4920.0,1700,5898.4,0.8,34.32,153.12,-22.41,-48.45
3517109,Garça,Marília,Marília,17.5,C,448,16.51,5.97,34.04,0.11,31.96,8,10,2,4,0,1.86,43000,18060.0,2000,9614.0,0.81,33.7,275.59,-22.21,-49.64
3513306,Cristais Paulista,Ribeirão Preto,Franca,17.5,C,448,9.76,4.36,27.7,0.01,49.34,1,2,0,1,0,1.43,7000,2800.0,1400,5290.7,0.79,44.69,282.54,-20.39,-47.43
3504909,Auriflama,São José do Rio Preto,Auriflama,17.5,C,448,13.38,1.7,25.49,0.03,51.15,2,4,1,0,0,1.4,14278,5853.98,1700,2761.5,0.77,22.84,438.59,-20.69,-50.57
3538006,Paranapanema,Itapetininga,Itapeva,17.4,C,452,13.71,21.62,35.03,0.06,14.33,5,2,1,2,0,2.78,18000,7380.0,1750,12942.1,0.75,79.34,178.84,-23.38,-48.73
3558608,Ubarana,São José do Rio Preto,São José do Rio Preto,17.4,C,452,10.42,1.52,22.31,0.01,57.91,1,3,0,0,1,1.25,8000,3280.0,1500,3038.8,0.73,29.84,335.55,-21.26,-49.79
3556909,Uru,Araçatuba,Lins,17.4,C,452,0.0,6.33,1.36,0.0,88.71,0,0,0,0,0,0.0,1200,444.0,580,12000.0,0.58,2.92,257.93,-21.79,-49.26
3516101,Estrela d'Oeste,São José do Rio Preto,Fernandópolis,17.4,C,452,10.42,1.61,25.28,0.02,54.28,1,2,1,0,1,1.33,7500,3000.0,1450,6417.3,0.76,35.84,429.05,-20.29,-50.11
3517000,Gália,Bauru,Bauru,17.3,D,456,9.76,7.22,23.86,0.01,49.34,1,0,1,0,0,1.43,7000,2800.0,1400,10737.0,0.79,14.09,263.54,-22.32,-49.55
3556602,Taquarituba,Itapetininga,Itapeva,17.3,D,456,14.68,12.0,27.1,0.05,33.44,4,2,1,3,1,1.82,22000,9240.0,1850,6349.9,0.73,33.92,235.01,-23.53,-49.26
3501608,Álvares Machado,Presidente Prudente,Presidente Prudente,17.2,D,458,15.31,2.45,42.09,0.06,27.35,5,3,2,0,0,2.0,25029,10512.18,1900,8047.7,0.86,76.91,461.27,-22.09,-51.46
3553302,São Sebastião da Grama,Campinas,São João da Boa Vista,17.2,D,458,12.83,27.67,32.51,0.05,9.56,4,8,0,0,0,3.33,12000,4920.0,1700,7983.7,0.78,58.16,143.03,-21.72,-46.53
3548807,Santa Cruz do Rio Pardo,Assis,Ourinhos,17.1,D,460,16.9,8.12,34.92,0.11,25.29,9,5,3,5,2,2.05,44000,18480.0,2100,9848.7,0.79,41.81,262.85,-22.9,-49.63
3510401,Capão Bonito,Itapetininga,Capão Bonito,17.1,D,460,17.08,21.74,31.0,0.18,12.44,14,7,6,7,2,2.93,47827,20087.34,2100,6271.6,0.77,27.33,179.57,-24.0,-48.35
3512100,Colina,Ribeirão Preto,Barretos,17.1,D,460,14.68,4.16,34.91,0.06,33.44,4,6,2,0,1,1.82,22000,9240.0,1900,5781.3,0.81,52.52,287.1,-20.72,-48.54
3541109,Pirangi,São José do Rio Preto,Catanduva,17.0,D,463,12.83,8.12,27.03,0.02,38.8,2,2,0,0,0,1.67,12000,4920.0,1700,6510.0,0.73,44.0,259.53,-21.1,-48.65
3512704,Coronel Macedo,Itapetininga,Itapeva,17.0,D,463,9.23,11.03,28.05,0.01,38.8,1,0,0,1,0,1.67,6000,2400.0,1350,6855.2,0.76,61.5,240.19,-23.52,-49.31
3505807,Barbosa,Araçatuba,Araçatuba,17.0,D,463,9.76,1.73,28.28,0.03,49.34,1,0,3,0,0,1.43,7000,2800.0,1400,8459.1,0.75,62.03,353.83,-21.27,-50.01
3513702,Cunha,Vale do Paraíba Paulista,Guaratinguetá,17.0,D,463,13.5,15.35,32.87,0.05,22.73,5,2,1,1,0,2.22,22500,9225.0,1700,8846.8,0.79,54.3,216.04,-23.07,-44.96
3526605,José Bonifácio,São José do Rio Preto,São José do Rio Preto,16.9,D,467,16.47,2.1,31.03,0.09,36.66,6,7,2,4,1,1.71,35000,14700.0,2000,3727.5,0.77,36.88,341.26,-21.04,-49.69
3527504,Lavínia,Araçatuba,Andradina,16.9,D,467,9.76,1.73,28.08,0.01,49.34,1,0,0,1,0,1.43,7000,2800.0,1400,5220.0,0.84,28.39,455.06,-21.14,-51.04
3517703,Guaiçara,Araçatuba,Lins,16.8,D,469,13.14,1.87,28.1,0.04,44.23,2,0,3,1,0,1.54,13000,5330.0,1700,5005.3,0.78,33.85,316.32,-21.62,-49.8
3502507,Angatuba,Itapetininga,Itapetininga,16.7,D,470,13.5,25.7,26.55,0.06,14.74,6,1,1,0,1,2.7,22234,9115.94,1600,6089.8,0.74,41.73,151.1,-23.48,-48.4
3554805,Sud Mennucci,Araçatuba,Andradina,16.6,D,471,10.42,1.61,21.21,0.03,54.28,1,3,2,0,0,1.33,7500,3000.0,1450,5593.9,0.73,22.55,473.6,-20.76,-51.02
3514601,Dracena,Presidente Prudente,Dracena,16.6,D,471,17.07,2.1,28.73,0.1,36.9,8,8,3,0,1,1.7,47000,19740.0,2100,3414.5,0.75,22.93,486.65,-21.49,-51.53
3540606,Pindorama,São José do Rio Preto,Catanduva,16.6,D,471,13.7,6.52,29.16,0.04,35.17,3,1,1,1,0,1.76,17000,6970.0,1750,7195.9,0.79,30.78,270.94,-21.19,-48.93
3501202,Altinópolis,Ribeirão Preto,Batatais,16.5,D,474,14.38,16.58,33.83,0.05,15.82,4,1,1,2,1,2.62,15283,6266.03,1750,7755.5,0.78,61.68,211.0,-21.03,-47.36
3523701,Itapirapuã Paulista,Vale do Ribeira / Litoral Sul,Registro,16.5,D,474,9.23,6.55,30.43,0.01,38.8,1,0,0,1,0,1.67,6000,2400.0,1350,9586.4,0.79,60.98,269.94,-24.56,-49.0
3525508,Jacupiranga,Vale do Ribeira / Litoral Sul,Registro,16.4,D,476,13.7,14.6,32.5,0.05,20.35,4,3,2,0,0,2.35,17000,6970.0,1750,8867.3,0.81,42.48,222.01,-24.71,-48.0
3523800,Itápolis,Araraquara,Araraquara,16.4,D,476,16.5,14.11,36.66,0.13,12.44,12,3,4,1,2,2.93,41000,17220.0,2050,5998.5,0.85,36.8,230.25,-21.61,-48.81
3517901,Guaíra,Ribeirão Preto,Barretos,16.2,D,478,16.35,2.77,40.77,0.12,21.42,9,3,5,2,2,2.25,40000,16800.0,2050,8349.1,0.82,71.28,317.66,-20.29,-48.31
3506904,Borborema,São José do Rio Preto,Catanduva,16.1,D,479,13.7,9.6,26.26,0.05,31.96,3,2,3,0,0,1.86,16155,6623.55,1750,4037.4,0.74,34.89,251.27,-21.61,-49.06
3523909,Itaporanga,Itapetininga,Itapeva,16.1,D,479,13.46,8.0,28.95,0.04,31.05,3,3,1,1,0,1.88,16000,6560.0,1700,4835.0,0.8,29.15,262.09,-23.69,-49.48
3557709,Torrinha,Araraquara,Araraquara,16.1,D,479,12.83,31.45,27.12,0.05,4.61,5,3,1,0,0,4.17,12000,4920.0,1700,3605.0,0.76,34.94,124.65,-22.43,-48.16
3544905,Regente Feijó,Presidente Prudente,Presidente Prudente,16.1,D,479,13.71,2.04,28.41,0.04,38.8,3,4,1,2,0,1.67,18000,7380.0,1750,7774.4,0.77,33.46,442.06,-22.23,-51.3
3515004,Eldorado,Vale do Ribeira / Litoral Sul,Registro,16.1,D,479,12.31,16.22,27.13,0.04,24.22,3,3,1,0,0,2.14,14000,5740.0,1550,5109.7,0.73,54.69,209.49,-24.53,-48.11
3511508,Cedral,São José do Rio Preto,São José do Rio Preto,16.0,D,484,9.76,1.73,23.25,0.02,49.34,1,1,1,1,0,1.43,7000,2800.0,1400,9343.1,0.77,21.03,319.44,-20.89,-49.27
3505104,Avanhandava,Araçatuba,Lins,15.9,D,485,13.07,1.98,26.18,0.03,40.94,2,5,1,0,0,1.63,12278,5033.98,1700,7826.7,0.73,36.94,338.36,-21.47,-49.96
3507506,Brodowski,Ribeirão Preto,Batatais,15.8,D,486,14.69,14.87,31.74,0.06,16.14,6,3,0,2,1,2.56,23403,9829.26,1900,5877.7,0.74,58.36,221.98,-20.99,-47.67
3509205,Cajuru,Ribeirão Preto,Batatais,15.8,D,486,15.35,21.37,27.89,0.08,11.7,8,8,0,0,0,3.19,25063,10526.46,1900,6670.8,0.74,32.35,183.9,-21.27,-47.3
3547007,Roseira,Vale do Paraíba Paulista,Guaratinguetá,15.7,D,488,11.99,25.65,34.18,0.06,2.8,6,1,1,0,0,6.0,10000,4100.0,1650,8131.4,0.76,80.96,177.96,-22.91,-45.32
3534005,Natividade da Serra,Vale do Paraíba Paulista,São José dos Campos,15.5,D,489,10.42,22.02,25.55,0.03,17.71,2,2,1,0,0,2.5,8000,3280.0,1500,6830.3,0.74,41.96,173.82,-23.37,-45.44
3533007,Monte Castelo,Presidente Prudente,Dracena,15.4,D,490,9.23,2.02,29.77,0.01,38.8,1,0,0,0,0,1.67,6000,2400.0,1350,8079.5,0.78,63.08,509.82,-21.3,-51.7
3531605,Mirante do Paranapanema,Presidente Prudente,Presidente Prudente,15.4,D,490,13.17,2.04,25.65,0.03,38.8,3,2,0,1,0,1.67,18000,7380.0,1650,8757.2,0.72,40.53,603.59,-22.3,-52.9
3545506,Ribeirão Branco,Itapetininga,Capão Bonito,15.4,D,490,13.71,10.7,29.71,0.06,22.73,4,4,2,1,1,2.22,18000,7380.0,1750,6790.7,0.77,43.19,246.88,-24.22,-49.01
3547304,Sabino,Araçatuba,Lins,15.3,D,493,9.23,2.02,29.43,0.01,38.8,1,0,0,0,0,1.67,6000,2400.0,1350,9367.4,0.79,56.63,303.16,-21.42,-49.53
3539905,Pereira Barreto,Araçatuba,Andradina,15.0,D,494,15.35,2.35,29.05,0.05,29.65,5,2,0,2,0,1.92,26000,10920.0,1950,5862.4,0.76,29.63,487.9,-20.65,-51.11
3535606,Núcleo Bandeirante,Macro Metropolitana Paulista,Sorocaba,15.0,D,494,5.03,34.96,22.04,0.01,9.56,1,0,0,0,0,3.33,3000,1200.0,1050,3534.6,0.77,40.83,94.45,-23.7,-47.38
3525805,Jambeiro,Vale do Paraíba Paulista,São José dos Campos,15.0,D,494,9.23,27.14,26.2,0.02,9.56,2,0,0,1,0,3.33,6000,2400.0,1350,13291.3,0.79,33.27,146.47,-23.25,-45.68
3509106,Cajobi,São José do Rio Preto,São José do Rio Preto,15.0,D,494,11.91,4.68,34.3,0.03,24.79,2,2,1,1,0,2.09,9553,3916.73,1650,7882.3,0.83,54.67,285.76,-20.89,-48.78
3514908,Echaporã,Marília,Marília,14.9,D,498,9.76,1.73,17.67,0.01,49.34,1,2,0,1,0,1.43,7000,2800.0,1400,5712.8,0.67,26.21,324.15,-22.42,-50.18
3534807,Nova Europa,Araraquara,Araraquara,14.9,D,498,11.38,19.07,32.21,0.02,9.56,3,0,0,0,0,3.33,9000,3690.0,1600,9220.4,0.8,55.89,200.14,-21.77,-48.57
3551801,São José da Bela Vista,Ribeirão Preto,Franca,14.8,D,500,9.23,7.51,21.15,0.01,38.8,1,2,0,0,0,1.67,6000,2400.0,1350,7242.5,0.75,20.7,263.53,-20.6,-47.65
3544509,Quintana,Marília,Marília,14.6,D,501,9.23,2.02,26.12,0.01,38.8,1,2,0,0,0,1.67,6000,2400.0,1350,5740.7,0.78,40.78,342.23,-22.16,-50.29
3525706,Jales,São José do Rio Preto,Jales,14.6,D,501,17.47,4.29,41.75,0.19,7.58,17,10,3,3,0,3.47,49000,21070.0,2100,9301.6,0.83,71.15,464.16,-20.27,-50.54
3531506,Mirandópolis,Araçatuba,Andradina,14.6,D,501,15.67,3.06,36.21,0.08,17.71,7,3,2,2,1,2.5,28000,11760.0,1950,10106.7,0.84,40.61,460.79,-21.14,-51.1
3543204,Pradópolis,Araraquara,Araraquara,14.5,D,504,13.69,18.51,28.24,0.06,9.56,5,4,1,0,0,3.33,15000,6150.0,1750,5281.4,0.78,28.51,203.95,-21.33,-48.08
3544004,Promissão,Araçatuba,Lins,14.5,D,504,16.48,3.32,37.19,0.12,14.74,10,2,5,0,0,2.7,37000,15540.0,2000,8340.0,0.79,62.94,326.3,-21.54,-49.87
3541901,Poloni,São José do Rio Preto,São José do Rio Preto,14.4,D,506,9.23,2.02,25.11,0.01,38.8,1,0,0,0,0,1.67,6000,2400.0,1350,8401.1,0.77,36.05,371.0,-20.78,-49.83
3542008,Pompéia,Marília,Marília,14.4,D,506,14.03,2.32,26.92,0.06,30.31,4,7,2,0,1,1.9,21000,8610.0,1800,5615.2,0.75,30.55,331.22,-22.11,-50.17
3524709,Itobi,Campinas,São João da Boa Vista,14.3,D,508,9.23,29.23,20.35,0.03,9.56,2,0,1,1,0,3.33,6000,2400.0,1350,3237.7,0.73,27.62,132.55,-21.72,-46.98
3511607,Cerqueira César,Itapetininga,Avaré,14.2,D,509,14.01,17.13,27.69,0.06,9.56,6,2,1,1,0,3.33,18000,7380.0,1800,3475.0,0.77,27.11,213.12,-23.04,-49.14
3541000,Pirajuí,Araçatuba,Lins,14.2,D,509,15.67,8.94,31.66,0.11,13.26,8,9,3,4,1,2.86,28000,11760.0,1950,6552.6,0.78,37.46,263.85,-22.01,-49.44
3527306,Lagoinha,Vale do Paraíba Paulista,São José dos Campos,14.1,D,511,8.08,18.61,16.29,0.01,27.35,1,1,0,0,0,2.0,5000,2000.0,1250,3772.8,0.68,23.18,192.45,-23.1,-45.19
3535200,Novais,São José do Rio Preto,São José do Rio Preto,14.0,D,512,8.08,7.68,28.15,0.01,27.35,1,1,0,0,0,2.0,5000,2000.0,1250,6398.7,0.82,47.24,265.09,-21.12,-48.77
3558806,Ubirajara,Araçatuba,Lins,13.9,D,513,8.08,6.7,28.82,0.01,27.35,1,1,0,0,0,2.0,5000,2000.0,1250,5688.5,0.82,52.62,271.55,-22.05,-49.54
3537305,Palmares Paulista,São José do Rio Preto,Catanduva,13.9,D,513,12.83,7.45,31.07,0.04,17.71,3,1,1,1,1,2.5,12000,4920.0,1700,6336.4,0.8,41.5,270.68,-21.08,-48.8
3556008,Tanabi,São José do Rio Preto,São José do Rio Preto,13.8,D,515,15.35,3.29,35.07,0.08,15.07,7,3,2,2,0,2.69,26000,10920.0,1950,5026.3,0.79,55.89,367.74,-20.63,-49.65
3503505,Arandu,Itapetininga,Avaré,13.6,D,516,10.1,18.38,29.6,0.02,7.74,2,1,0,0,0,3.44,5819,2327.6,1450,8523.6,0.78,56.11,205.57,-23.14,-49.05
3510104,Cândido Mota,Assis,Assis,13.6,D,516,15.99,3.23,32.52,0.1,15.65,8,3,2,5,0,2.63,30476,12799.92,2000,6519.9,0.78,40.47,341.81,-22.76,-50.39
3532900,Monte Azul Paulista,Ribeirão Preto,Barretos,13.6,D,516,14.02,9.61,37.84,0.09,4.04,10,3,0,0,0,5.0,20000,8200.0,1800,14484.2,0.78,78.19,276.65,-20.89,-48.63
3522901,Itajobi,São José do Rio Preto,São José do Rio Preto,13.6,D,516,13.71,7.18,24.31,0.05,22.73,4,4,1,0,1,2.22,18000,7380.0,1750,4096.6,0.73,23.73,270.27,-21.32,-49.05
3551900,São José do Barreiro,Vale do Paraíba Paulista,Bananal,13.6,D,516,8.08,9.04,24.42,0.01,27.35,1,0,0,0,0,2.0,5000,2000.0,1250,7608.2,0.76,41.6,256.01,-22.64,-44.58
3559408,Valentim Gentil,São José do Rio Preto,Votuporanga,13.5,D,521,11.38,2.7,31.87,0.02,22.73,2,1,0,0,0,2.22,9000,3690.0,1600,6560.0,0.81,51.9,417.55,-20.42,-50.09
3521804,Ipaussu,Assis,Assis,13.4,D,522,13.69,8.75,28.51,0.06,15.4,4,5,2,0,1,2.67,15000,6150.0,1750,7081.2,0.76,35.55,263.47,-23.05,-49.63
3507308,Braúna,Araçatuba,Araçatuba,13.2,D,523,8.62,2.3,26.99,0.02,30.31,1,1,1,0,0,1.9,5263,2105.2,1300,5440.4,0.77,54.97,358.89,-21.45,-50.17
3509908,Cananéia,Vale do Ribeira / Litoral Sul,Registro,13.2,D,523,13.15,12.09,32.29,0.04,6.43,5,0,0,0,0,3.71,13476,5525.16,1700,7188.3,0.83,39.78,249.65,-25.01,-47.93
3547601,Sales Oliveira,Ribeirão Preto,Franca,13.1,D,525,12.83,10.54,23.96,0.05,17.71,3,4,3,0,0,2.5,12000,4920.0,1700,6066.5,0.73,22.59,250.13,-20.77,-47.83
3505302,Bady Bassitt,São José do Rio Preto,São José do Rio Preto,13.0,D,526,14.66,3.93,33.96,0.07,11.37,6,4,2,2,1,3.22,18618,7819.56,1900,5847.1,0.85,28.62,330.74,-20.91,-49.44
3507902,Buritizal,Ribeirão Preto,Ituverava,13.0,D,526,8.08,2.42,29.24,0.01,27.35,1,0,1,0,0,2.0,4993,1997.2,1250,4613.2,0.76,78.61,304.0,-20.23,-47.66
3519402,Guzolândia,São José do Rio Preto,Auriflama,13.0,D,526,8.92,2.21,22.94,0.03,33.44,1,0,3,0,0,1.82,5500,2200.0,1300,7813.5,0.75,33.53,453.92,-20.58,-50.67
3520905,Igarapava,Ribeirão Preto,Franca,13.0,D,526,15.35,3.29,30.92,0.08,15.07,7,8,1,2,1,2.69,26000,10920.0,1950,3442.3,0.76,42.0,326.19,-20.04,-47.75
3533601,Motuca,Araraquara,Araraquara,13.0,D,526,8.08,23.25,24.96,0.02,5.6,2,0,1,0,0,4.0,5000,2000.0,1250,7204.9,0.79,36.24,177.73,-21.7,-48.2
3526506,João Ramalho,Presidente Prudente,Presidente Prudente,12.9,D,531,8.08,2.42,28.55,0.01,27.35,1,0,0,0,0,2.0,5000,2000.0,1250,7383.8,0.75,73.54,381.86,-22.67,-50.78
3545605,Ribeirão Corrente,Ribeirão Preto,Franca,12.8,D,532,8.08,5.37,24.56,0.01,27.35,1,0,1,0,0,2.0,5000,2000.0,1250,9661.7,0.76,43.36,280.42,-20.43,-47.58
3527009,Junqueirópolis,Presidente Prudente,Dracena,12.8,D,532,14.02,3.05,29.13,0.06,17.71,5,1,2,0,0,2.5,20000,8200.0,1800,4749.0,0.78,31.82,476.49,-21.51,-51.44
3537107,Pacaembu,Presidente Prudente,Dracena,12.7,D,534,13.15,4.34,37.86,0.07,6.84,5,3,3,2,0,3.57,14000,5740.0,1700,6367.3,0.8,87.74,457.38,-21.59,-51.27
3555208,Tabapuã,São José do Rio Preto,Catanduva,12.7,D,534,11.38,4.29,25.87,0.02,22.73,2,2,0,0,0,2.22,9000,3690.0,1600,3918.6,0.73,43.14,289.38,-21.04,-49.02
3506607,Bastos,Marília,Tupã,12.6,D,536,14.38,3.85,32.13,0.09,11.86,7,4,4,0,0,3.15,22234,9115.94,1800,7730.7,0.79,46.64,392.42,-21.92,-50.73
3525102,Jaborandi,Ribeirão Preto,Barretos,12.6,D,536,11.38,2.7,27.25,0.02,22.73,2,2,0,0,0,2.22,9000,3690.0,1600,5580.5,0.76,39.4,338.93,-20.09,-48.31
3555505,Taciba,Presidente Prudente,Presidente Prudente,12.5,D,538,8.08,2.42,26.42,0.03,27.35,1,2,2,0,0,2.0,5000,2000.0,1250,7717.6,0.78,48.28,437.54,-22.39,-51.29
3544202,Quatá,Assis,Assis,12.5,D,538,13.15,3.48,32.3,0.05,13.26,4,0,2,1,0,2.86,14000,5740.0,1700,6775.9,0.8,48.65,379.99,-22.27,-50.7
3554508,Silveiras,Vale do Paraíba Paulista,Bananal,12.4,D,540,9.23,14.99,26.64,0.02,9.56,2,1,0,0,0,3.33,6000,2400.0,1350,7583.3,0.79,38.25,227.21,-22.66,-44.86
3559101,Urânia,São José do Rio Preto,Jales,12.3,D,541,11.07,2.85,28.02,0.02,20.35,2,2,0,0,0,2.35,8500,3485.0,1500,3680.7,0.78,47.35,480.01,-20.18,-50.66
3556800,Taquarivaí,Itapetininga,Capão Bonito,12.2,D,542,8.08,18.59,26.4,0.02,5.6,2,0,0,0,0,4.0,5000,2000.0,1250,7734.4,0.79,44.32,208.67,-24.0,-48.72
3560208,Viradouro,Ribeirão Preto,Barretos,12.2,D,542,13.7,11.68,26.23,0.06,7.25,6,5,0,1,1,3.53,17000,6970.0,1750,5707.1,0.74,31.28,250.96,-20.88,-48.13
3511409,Catiguá,São José do Rio Preto,Catanduva,12.1,D,544,11.07,3.38,26.1,0.02,20.35,2,0,0,1,0,2.35,8500,3485.0,1600,5568.6,0.74,39.31,296.46,-21.06,-49.14
3531100,Miguelópolis,Ribeirão Preto,Franca,12.1,D,544,14.02,3.05,25.49,0.07,17.71,5,3,3,3,1,2.5,20000,8200.0,1800,3733.7,0.76,18.79,318.09,-20.19,-48.03
3504107,Areias,Vale do Paraíba Paulista,Bananal,11.9,D,546,5.87,11.69,27.02,0.01,14.5,1,0,0,0,0,2.73,3666,1466.4,1100,8778.6,0.77,66.15,244.28,-22.57,-44.71
3517802,Guaimbê,Marília,Marília,11.8,D,547,7.13,4.3,26.13,0.01,22.73,1,0,0,0,0,2.22,4500,1800.0,1200,5620.2,0.8,45.47,289.29,-22.33,-49.81
3546801,Riversul,Itapetininga,Itapeva,11.8,D,547,9.76,8.44,27.21,0.02,13.26,2,0,1,0,0,2.86,7000,2800.0,1400,8223.3,0.79,39.23,266.96,-23.88,-49.45
3522109,Ipiguá,São José do Rio Preto,São José do Rio Preto,11.7,D,549,8.08,2.42,22.33,0.01,27.35,1,0,1,0,0,2.0,5000,2000.0,1250,4234.8,0.75,38.48,348.23,-20.64,-49.39
3548203,Salto Grande,Assis,Ourinhos,11.6,D,550,10.42,3.33,26.96,0.03,17.71,2,1,1,0,0,2.5,8000,3280.0,1500,5188.1,0.78,37.95,298.01,-22.91,-49.97
3545704,Ribeirão do Sul,Assis,Assis,11.6,D,550,8.08,2.5,21.68,0.01,27.35,1,1,0,0,0,2.0,5000,2000.0,1250,3885.6,0.73,41.08,299.49,-22.7,-49.97
3538204,Parapuã,Presidente Prudente,Dracena,11.6,D,550,13.15,3.48,27.62,0.04,13.26,4,1,1,1,0,2.86,14000,5740.0,1700,5035.1,0.8,21.52,404.0,-21.78,-50.8
3525409,Jaci,São José do Rio Preto,São José do Rio Preto,11.5,D,553,8.08,2.42,21.7,0.01,27.35,1,1,0,0,0,2.0,5000,2000.0,1250,4132.4,0.75,31.42,344.4,-20.88,-49.59
3549300,Santa Mercedes,Presidente Prudente,Presidente Prudente,11.4,D,554,7.13,2.69,26.01,0.01,22.73,1,0,0,0,0,2.22,4500,1800.0,1200,5621.5,0.77,56.22,537.21,-21.27,-51.97
3540200,Piacatu,Araçatuba,Araçatuba,11.4,D,554,8.08,2.42,21.06,0.01,27.35,1,1,0,1,0,2.0,5000,2000.0,1250,5723.1,0.72,38.1,385.67,-21.58,-50.52
3501301,Alto Alegre,Araçatuba,Araçatuba,11.3,D,556,8.84,2.94,26.28,0.01,19.44,1,1,0,0,0,2.43,4115,1646.0,1350,5444.4,0.74,56.67,390.64,-21.01,-50.25
3537206,Palestina,São José do Rio Preto,São José do Rio Preto,11.2,D,557,12.83,4.05,28.9,0.05,9.56,4,0,2,1,0,3.33,12000,4920.0,1700,5059.2,0.77,40.12,371.03,-20.39,-49.42
3558905,Uchoa,São José do Rio Preto,São José do Rio Preto,11.1,D,558,10.42,3.03,24.92,0.02,17.71,2,1,0,1,0,2.5,8000,3280.0,1500,6169.2,0.76,30.39,305.98,-20.95,-49.15
3512001,Clementina,Araçatuba,Araçatuba,11.1,D,558,9.76,3.47,28.99,0.03,13.26,2,1,1,0,0,2.86,7000,2800.0,1400,10172.4,0.8,43.99,339.8,-21.59,-50.04
3508009,Cabrália Paulista,Bauru,Bauru,10.8,D,560,8.62,13.57,23.93,0.02,6.26,2,1,0,2,0,3.81,5244,2097.6,1300,6306.8,0.75,42.47,240.5,-22.47,-49.36
3544301,Queiroz,Marília,Marília,10.8,D,560,7.13,2.69,22.99,0.01,22.73,1,1,0,0,0,2.22,4500,1800.0,1200,8509.3,0.76,38.67,350.73,-21.86,-50.28
3510302,Canitar,Assis,Assis,10.6,D,562,7.43,2.52,19.9,0.03,25.04,1,0,3,0,0,2.08,4800,1920.0,1200,3506.6,0.74,28.98,311.68,-23.01,-50.1
3528809,Luiziânia,Araçatuba,Araçatuba,10.6,D,562,8.08,2.42,16.96,0.01,27.35,1,0,1,0,0,2.0,5000,2000.0,1250,4993.9,0.72,14.16,357.52,-21.67,-50.27
3505401,Balbinos,Bauru,Bauru,10.6,D,562,5.03,10.5,25.69,0.01,11.2,1,3,0,0,0,3.31,3023,1209.2,1050,4789.2,0.81,49.85,256.84,-21.94,-49.33
3510906,Cardoso,São José do Rio Preto,Votuporanga,10.6,D,562,12.22,8.42,28.21,0.09,2.14,7,5,4,0,0,6.93,10100,4141.0,1650,6400.6,0.77,40.46,431.16,-20.09,-49.92
3534302,Nhandeara,São José do Rio Preto,Auriflama,10.4,D,566,5.03,12.1,32.95,0.03,0.16,3,2,0,0,0,10.0,3000,1200.0,1050,9787.8,0.79,100.0,393.37,-20.68,-50.02
3542107,Pongaí,Araçatuba,Lins,10.4,D,566,8.92,11.7,25.92,0.04,3.79,3,2,1,0,0,5.45,5500,2200.0,1300,7175.5,0.78,40.75,266.15,-21.79,-49.35
3522604,Irapuru,Presidente Prudente,Dracena,10.3,D,568,11.99,6.07,27.74,0.06,4.04,5,2,2,0,0,5.0,10000,4100.0,1650,4955.5,0.79,28.74,468.21,-21.53,-51.36
3558509,Turmalina,São José do Rio Preto,Fernandópolis,10.1,D,569,5.87,3.46,28.48,0.01,13.26,1,0,0,0,0,2.86,3500,1400.0,1100,6909.5,0.78,73.06,460.9,-20.06,-50.3
3520707,Iepê,Assis,Assis,10.0,D,570,9.76,5.2,29.65,0.03,4.37,3,1,0,0,0,4.29,7000,2800.0,1400,11333.4,0.76,66.01,413.28,-22.66,-51.08
3508603,Caiabu,Presidente Prudente,Presidente Prudente,9.7,D,571,6.82,3.03,21.65,0.01,17.71,1,0,0,0,0,2.5,4006,1602.4,1150,9002.4,0.74,38.99,477.19,-21.96,-51.59
3515905,Espírito Santo do Turvo,Assis,Assis,9.7,D,571,8.08,7.05,26.59,0.03,5.6,2,0,1,1,1,4.0,5000,2000.0,1250,5936.9,0.77,53.72,285.37,-22.7,-49.84
3536208,Orindiúva,São José do Rio Preto,São José do Rio Preto,9.6,D,573,9.23,3.73,23.07,0.03,12.03,2,2,1,0,0,3.08,6500,2600.0,1350,5313.4,0.73,41.43,387.9,-20.17,-49.38
3517604,Glicério,Araçatuba,Araçatuba,9.6,D,573,6.82,3.03,21.3,0.01,17.71,1,1,0,0,0,2.5,4000,1600.0,1150,4506.2,0.76,33.92,375.25,-21.37,-50.31
3533700,Murutinga do Sul,Araçatuba,Andradina,9.5,D,575,6.82,3.03,21.04,0.01,17.71,1,0,1,0,0,2.5,4000,1600.0,1150,6213.5,0.75,31.85,493.19,-20.98,-51.37
3501509,Álvares Florence,São José do Rio Preto,Votuporanga,9.4,D,576,6.52,3.16,21.85,0.01,15.98,1,1,0,0,1,2.61,3836,1534.4,1100,4511.5,0.77,36.94,432.93,-20.14,-50.01
3550803,Santo Expedito,Presidente Prudente,Presidente Prudente,9.3,D,577,6.82,3.03,19.75,0.01,17.71,1,0,0,2,0,2.5,4000,1600.0,1150,3914.4,0.77,18.27,459.59,-21.85,-51.38
3539608,Pedrinhas Paulista,Assis,Assis,9.3,D,577,5.03,4.03,27.87,0.01,9.56,1,0,1,0,0,3.33,3000,1200.0,1050,9129.2,0.82,55.4,387.37,-22.84,-50.84
3530904,Meridiano,São José do Rio Preto,Votuporanga,9.3,D,577,5.87,3.46,24.53,0.01,13.26,1,0,0,0,0,2.86,3500,1400.0,1100,5570.9,0.79,44.11,430.49,-20.29,-50.13
3545803,Ribeirão dos Índios,Presidente Prudente,Presidente Prudente,9.1,D,580,5.87,6.91,28.29,0.02,3.13,2,0,1,0,0,5.71,3500,1400.0,1100,10635.7,0.82,51.91,479.08,-21.85,-51.58
3551504,São João de Iracema,São José do Rio Preto,Jales,9.1,D,580,4.19,4.84,30.59,0.01,5.6,1,0,0,0,0,4.0,2500,1000.0,1000,7879.2,0.85,66.72,516.72,-20.17,-51.1
3508801,Caiuá,Presidente Prudente,Presidente Prudente,9.0,D,582,9.0,3.44,18.93,0.02,14.0,2,3,0,0,0,2.84,7041,2816.4,1350,2641.5,0.71,25.12,516.3,-21.84,-51.95
3541802,Platina,Assis,Assis,9.0,D,582,8.08,5.23,25.01,0.02,5.6,2,1,0,0,0,4.0,5000,2000.0,1250,6095.1,0.8,34.1,297.47,-22.74,-49.96
3509809,Campos Novos Paulista,Assis,Assis,8.8,D,584,7.43,4.99,26.16,0.02,4.78,2,1,0,1,0,4.12,4853,1941.2,1200,6979.9,0.82,36.74,318.4,-22.53,-50.14
3501103,Altair,São José do Rio Preto,São José do Rio Preto,8.7,D,585,6.86,3.4,19.71,0.01,14.17,1,2,0,0,0,2.81,3555,1422.0,1150,3968.8,0.75,27.17,369.57,-20.47,-49.49
3503604,Arapeí,Vale do Paraíba Paulista,Bananal,8.6,D,586,5.87,10.06,22.18,0.02,3.46,2,1,0,0,0,5.6,3572,1428.8,1100,7220.0,0.74,46.19,278.18,-22.67,-44.36
3532405,Monções,São José do Rio Preto,Votuporanga,8.6,D,586,5.03,4.03,24.46,0.01,9.56,1,0,0,0,0,3.33,3000,1200.0,1050,8633.0,0.82,33.0,386.84,-20.84,-50.08
3519907,Iacri,Marília,Tupã,8.6,D,586,9.76,5.2,22.5,0.03,4.37,3,1,0,0,0,4.29,7000,2800.0,1400,5603.1,0.76,22.63,391.97,-21.87,-50.71
3547403,Sagres,Presidente Prudente,Dracena,8.4,D,589,5.03,4.03,23.34,0.01,9.56,1,0,0,0,0,3.33,3000,1200.0,1050,5803.9,0.76,52.57,470.39,-21.84,-51.49
3516903,Gabriel Monteiro,Araçatuba,Araçatuba,8.3,D,590,5.03,4.03,22.76,0.01,9.56,1,1,0,1,0,3.33,3000,1200.0,1050,6542.2,0.78,38.53,399.31,-21.43,-50.59
3534708,Nova Canaã Paulista,Presidente Prudente,Dracena,8.2,D,591,5.03,4.03,22.65,0.01,9.56,1,0,1,0,0,3.33,3000,1200.0,1050,4818.8,0.79,36.67,512.04,-20.38,-51.2
3526704,Júlio Mesquita,Marília,Marília,8.2,D,591,5.87,7.27,23.36,0.02,3.13,2,0,0,0,0,5.71,3500,1400.0,1100,6281.5,0.79,35.11,297.59,-22.01,-49.79
3504602,Aspásia,São José do Rio Preto,Votuporanga,8.1,D,593,4.42,4.89,25.8,0.01,4.94,1,0,0,0,0,4.04,2474,989.6,1000,8549.2,0.78,60.79,448.51,-20.06,-50.14
3513405,Cruzália,Assis,Assis,8.0,D,594,5.03,8.07,23.33,0.03,2.39,2,1,1,0,0,6.67,3000,1200.0,1050,5544.7,0.81,33.9,365.23,-22.88,-50.63
3533908,Narandiba,Presidente Prudente,Presidente Prudente,8.0,D,594,5.87,3.46,17.84,0.01,13.26,1,0,1,0,0,2.86,3500,1400.0,1100,4084.7,0.74,20.2,466.98,-22.39,-51.58
3530102,Marapoama,São José do Rio Preto,São José do Rio Preto,7.9,D,596,5.03,5.45,19.11,0.01,9.56,1,0,0,0,0,3.33,3000,1200.0,1050,3977.6,0.74,33.37,290.54,-21.29,-49.27
3542404,Pontes Gestal,São José do Rio Preto,Votuporanga,7.8,D,597,5.03,4.03,20.37,0.01,9.56,1,0,0,0,0,3.33,3000,1200.0,1050,3451.7,0.78,27.37,422.52,-19.99,-49.68
3531803,Mirassolândia,São José do Rio Preto,São José do Rio Preto,7.7,D,598,5.87,6.91,21.64,0.02,3.13,2,0,1,0,0,5.71,3500,1400.0,1100,4997.4,0.78,29.4,361.56,-20.6,-49.53
3516507,Florínea,Assis,Assis,7.4,D,599,5.03,4.32,20.59,0.01,6.84,1,0,0,0,0,3.57,2800,1120.0,1050,4214.5,0.78,28.5,367.59,-22.89,-50.65
3549409,Santana da Ponte Pensa,São José do Rio Preto,Jales,7.4,D,599,5.03,4.32,20.3,0.01,6.84,1,2,0,0,0,3.57,2800,1120.0,1050,6273.0,0.73,42.82,528.56,-20.08,-51.17
3530409,Marinópolis,Araçatuba,Andradina,7.3,D,601,5.03,8.07,19.93,0.02,2.39,2,0,0,0,0,6.67,3000,1200.0,1050,5463.9,0.75,33.1,488.38,-20.76,-51.19
3528304,Lourdes,Araçatuba,Araçatuba,7.3,D,601,5.03,4.03,17.93,0.01,9.56,1,0,1,0,0,3.33,3000,1200.0,1050,6966.2,0.69,41.07,396.46,-20.9,-50.24
3551603,São João do Pau d'Alho,Presidente Prudente,Dracena,7.1,D,603,4.19,4.84,20.68,0.01,5.6,1,0,1,0,0,4.0,2500,1000.0,1000,5803.5,0.71,55.92,507.96,-21.24,-51.65
3535002,Nova Guataporanga,Presidente Prudente,Dracena,6.5,D,604,5.03,4.32,15.77,0.02,6.84,1,0,1,1,1,3.57,2800,1120.0,1050,7896.5,0.72,15.11,497.52,-21.47,-51.64
3506706,Borá,Assis,Assis,5.3,D,605,4.44,15.01,5.02,0.01,0.0,1,0,0,0,0,12.41,806,306.28,650,18000.0,0.61,4.96,359.84,-22.2,-50.48
3516200,Flora Rica,Presidente Prudente,Dracena,3.7,D,606,3.24,4.84,4.35,0.01,5.6,1,0,0,0,0,4.0,2500,950.0,680,16000.0,0.6,3.2,503.25,-21.56,-51.73
3533205,Nova Castilho,Araçatuba,Araçatuba,3.0,D,607,1.75,7.56,2.4,0.01,2.64,1,0,0,0,0,6.25,1600,592.0,600,14000.0,0.59,3.44,415.79,-21.04,-50.55
